-- MySQL dump 10.11
--
-- Host: localhost    Database: TPS
-- ------------------------------------------------------
-- Server version	5.0.95

/*!40101 SET @OLD_CHARACTER_SET_CLIENT=@@CHARACTER_SET_CLIENT */;
/*!40101 SET @OLD_CHARACTER_SET_RESULTS=@@CHARACTER_SET_RESULTS */;
/*!40101 SET @OLD_COLLATION_CONNECTION=@@COLLATION_CONNECTION */;
/*!40101 SET NAMES utf8 */;
/*!40103 SET @OLD_TIME_ZONE=@@TIME_ZONE */;
/*!40103 SET TIME_ZONE='+00:00' */;
/*!40014 SET @OLD_UNIQUE_CHECKS=@@UNIQUE_CHECKS, UNIQUE_CHECKS=0 */;
/*!40014 SET @OLD_FOREIGN_KEY_CHECKS=@@FOREIGN_KEY_CHECKS, FOREIGN_KEY_CHECKS=0 */;
/*!40101 SET @OLD_SQL_MODE=@@SQL_MODE, SQL_MODE='NO_AUTO_VALUE_ON_ZERO' */;
/*!40111 SET @OLD_SQL_NOTES=@@SQL_NOTES, SQL_NOTES=0 */;

--
-- Table structure for table `anamod_data`
--

DROP TABLE IF EXISTS `anamod_data`;
/*!40101 SET @saved_cs_client     = @@character_set_client */;
/*!40101 SET character_set_client = utf8 */;
CREATE TABLE `anamod_data` (
  `file_id` int(11) NOT NULL,
  `simple-trace` double default NULL,
  `simple-trace-abs` double default NULL,
  `simple-norm1` double default NULL,
  `simple-normInf` double default NULL,
  `simple-normF` double default NULL,
  `simple-diagonal-dominance` double default NULL,
  `simple-symmetry-snorm` double default NULL,
  `simple-symmetry-anorm` double default NULL,
  `simple-symmetry-fsnorm` double default NULL,
  `simple-symmetry-fanorm` double default NULL,
  `structure-n-struct-unsymm` int(11) default NULL,
  `structure-nrows` int(11) default NULL,
  `structure-symmetry` int(11) default NULL,
  `structure-nnzeros` int(11) default NULL,
  `structure-max-nnzeros-per-row` int(11) default NULL,
  `structure-min-nnzeros-per-row` int(11) default NULL,
  `structure-left-bandwidth` int(11) default NULL,
  `structure-right-bandwidth` int(11) default NULL,
  `structure-left-skyline` varchar(1024) collate utf8_unicode_ci default NULL,
  `structure-right-skyline` varchar(1024) collate utf8_unicode_ci default NULL,
  `structure-n-dummy-rows` int(11) default NULL,
  `structure-dummy-rows-kind` int(11) default NULL,
  `structure-dummy-rows` varchar(1024) collate utf8_unicode_ci default NULL,
  `structure-diag-zerostart` int(11) default NULL,
  `structure-diag-definite` int(11) default NULL,
  `structure-blocksize` int(11) default NULL,
  `variance-row-variability` double default NULL,
  `variance-col-variability` double default NULL,
  `variance-diagonal-average` double default NULL,
  `variance-diagonal-variance` double default NULL,
  `variance-diagonal-sign` int(11) default NULL,
  `normal-trace-asquared` double default NULL,
  `normal-commutator-normF` double default NULL,
  `normal-ruhe75-bound` double default NULL,
  `normal-lee95-bound` double default NULL,
  `normal-lee96-ubound` double default NULL,
  `normal-lee96-lbound` double default NULL,
  `spectrum-n-ritz-values` int(11) default NULL,
  `spectrum-ritz-values-r` varchar(1024) collate utf8_unicode_ci default NULL,
  `spectrum-ritz-values-c` varchar(1024) collate utf8_unicode_ci default NULL,
  `spectrum-ellipse-ax` double default NULL,
  `spectrum-ellipse-ay` double default NULL,
  `spectrum-ellipse-cx` double default NULL,
  `spectrum-ellipse-cy` double default NULL,
  `spectrum-kappa` double default NULL,
  `spectrum-positive-fraction` double default NULL,
  `spectrum-sigma-max` double default NULL,
  `spectrum-sigma-min` double default NULL,
  `spectrum-lambda-max-by-magnitude-re` double default NULL,
  `spectrum-lambda-max-by-magnitude-im` double default NULL,
  `spectrum-lambda-min-by-magnitude-re` double default NULL,
  `spectrum-lambda-min-by-magnitude-im` double default NULL,
  `spectrum-lambda-max-by-real-part-re` double default NULL,
  `spectrum-lambda-max-by-real-part-im` double default NULL,
  `spectrum-lambda-max-by-im-part-re` double default NULL,
  `spectrum-lambda-max-by-im-part-im` double default NULL,
  `jpl-n-colours` int(11) default NULL,
  `jpl-colour-set-sizes` varchar(1024) collate utf8_unicode_ci default NULL,
  `jpl-colour-offsets` varchar(1024) collate utf8_unicode_ci default NULL,
  `jpl-colours` varchar(1024) collate utf8_unicode_ci default NULL,
  `iprs-nnzup` int(11) default NULL,
  `iprs-nnzlow` int(11) default NULL,
  `iprs-nnzdia` int(11) default NULL,
  `iprs-nnz` int(11) default NULL,
  `iprs-avgnnzprow` int(11) default NULL,
  `iprs-avgdistfromdiag` int(11) default NULL,
  `iprs-relsymm` double default NULL,
  `iprs-upband` int(11) default NULL,
  `iprs-loband` int(11) default NULL,
  `iprs-n-nonzero-diags` int(11) default NULL,
  `iprs-avg-diag-dist` double default NULL,
  `iprs-sigma-diag-dist` double default NULL,
  PRIMARY KEY  (`file_id`)
) ENGINE=MyISAM DEFAULT CHARSET=utf8 COLLATE=utf8_unicode_ci;
/*!40101 SET character_set_client = @saved_cs_client */;

--
-- Dumping data for table `anamod_data`
--

LOCK TABLES `anamod_data` WRITE;
/*!40000 ALTER TABLE `anamod_data` DISABLE KEYS */;
INSERT INTO `anamod_data` VALUES (2546,34949.68,34949.68,32781.68,32781.68,32781.72,1,32781.68,0,32781.72,0,0,2169,1,10839,6,4,400,400,NULL,NULL,0,0,NULL,2169,1,1,0,0,16.11327,703.7008,2,1074641000,NULL,23988.83,0,NULL,NULL,5,NULL,NULL,16390.84,0,16390.84,0,0,0.8,56770.51,1.688006e-24,32781.68,0,-9.897618e-24,0,32781.68,0,-1.32167e-12,0,5,NULL,NULL,NULL,4335,4335,2169,10839,4,4,1,400,400,83,209.3494,100947.8),(2545,34949.68,34949.68,32781.68,32781.68,32781.72,1,32781.68,0,32781.72,0,0,2169,1,10839,6,4,400,400,NULL,NULL,0,0,NULL,2169,1,1,0,0,16.11327,703.7008,2,1074641000,NULL,23988.83,0,NULL,NULL,5,NULL,NULL,16390.84,0,16390.84,0,0,0.8,56770.51,1.688006e-24,32781.68,0,-9.897618e-24,0,32781.68,0,-1.32167e-12,0,5,NULL,NULL,NULL,4335,4335,2169,10839,4,4,1,400,400,83,209.3494,100947.8),(2544,34949.68,34949.68,32781.68,32781.68,32781.72,1,32781.68,0,32781.72,0,0,2169,1,10839,6,4,400,400,NULL,NULL,0,0,NULL,2169,1,1,0,0,16.11327,703.7008,2,1074641000,NULL,23988.83,0,NULL,NULL,5,NULL,NULL,16390.84,0,16390.84,0,0,0.8,56770.51,1.688006e-24,32781.68,0,-9.897618e-24,0,32781.68,0,-1.32167e-12,0,5,NULL,NULL,NULL,4335,4335,2169,10839,4,4,1,400,400,83,209.3494,100947.8),(2543,34949.68,34949.68,32781.68,32781.68,32781.72,1,32781.68,0,32781.72,0,0,2169,1,10839,6,4,400,400,NULL,NULL,0,0,NULL,2169,1,1,0,0,16.11327,703.7008,2,1074641000,NULL,23988.83,0,NULL,NULL,5,NULL,NULL,16390.84,0,16390.84,0,0,0.8,56770.51,1.688006e-24,32781.68,0,-9.897618e-24,0,32781.68,0,-1.32167e-12,0,5,NULL,NULL,NULL,4335,4335,2169,10839,4,4,1,400,400,83,209.3494,100947.8),(2541,440,440,8,8,46.45428,0,8,0,46.45428,0,0,110,1,508,5,3,11,11,NULL,NULL,0,0,NULL,110,1,11,0.60206,0.60206,4,0,2,2158,0,1.250378e-11,0,0,0,26,NULL,NULL,3.807179,0,3.807179,0,0,1,7.614359,0.1491624,7.614359,0,0.1491624,0,7.614359,0,0.1491624,0,4,NULL,NULL,NULL,199,199,110,508,4,4,1,11,11,5,4.8,71.84),(2547,34949.68,34949.68,32781.68,32781.68,32781.72,1,32781.68,0,32781.72,0,0,2169,1,10839,6,4,400,400,NULL,NULL,0,0,NULL,2169,1,1,0,0,16.11327,703.7008,2,1074641000,NULL,23988.83,0,NULL,NULL,5,NULL,NULL,16390.84,0,16390.84,0,0,0.8,56770.51,1.688006e-24,32781.68,0,-9.897618e-24,0,32781.68,0,-1.32167e-12,0,5,NULL,NULL,NULL,4335,4335,2169,10839,4,4,1,400,400,83,209.3494,100947.8),(2548,34949.68,34949.68,32781.68,32781.68,32781.72,1,32781.68,0,32781.72,0,0,2169,1,10839,6,4,400,400,NULL,NULL,0,0,NULL,2169,1,1,0,0,16.11327,703.7008,2,1074641000,NULL,23988.83,0,NULL,NULL,5,NULL,NULL,16390.84,0,16390.84,0,0,0.8,56770.51,1.688006e-24,32781.68,0,-9.897618e-24,0,32781.68,0,-1.32167e-12,0,5,NULL,NULL,NULL,4335,4335,2169,10839,4,4,1,400,400,83,209.3494,100947.8),(2549,34949.68,34949.68,32781.68,32781.68,32781.72,1,32781.68,0,32781.72,0,0,2169,1,10839,6,4,400,400,NULL,NULL,0,0,NULL,2169,1,1,0,0,16.11327,703.7008,2,1074641000,NULL,23988.83,0,NULL,NULL,5,NULL,NULL,16390.84,0,16390.84,0,0,0.8,56770.51,1.688006e-24,32781.68,0,-9.897618e-24,0,32781.68,0,-1.32167e-12,0,5,NULL,NULL,NULL,4335,4335,2169,10839,4,4,1,400,400,83,209.3494,100947.8),(2550,34949.68,34949.68,32781.68,32781.68,32781.72,1,32781.68,0,32781.72,0,0,2169,1,10839,6,4,400,400,NULL,NULL,0,0,NULL,2169,1,1,0,0,16.11327,703.7008,2,1074641000,NULL,23988.83,0,NULL,NULL,5,NULL,NULL,16390.84,0,16390.84,0,0,0.8,56770.51,1.688006e-24,32781.68,0,-9.897618e-24,0,32781.68,0,-1.32167e-12,0,5,NULL,NULL,NULL,4335,4335,2169,10839,4,4,1,400,400,83,209.3494,100947.8),(2576,34949.68,34949.68,32781.68,32781.68,32781.72,1,32781.68,0,32781.72,0,0,2169,1,10839,6,4,400,400,NULL,NULL,0,0,NULL,2169,1,1,0,0,16.11327,703.7008,2,1074641000,NULL,23988.83,0,NULL,NULL,5,NULL,NULL,16390.84,0,16390.84,0,0,0.8,56770.51,1.688006e-24,32781.68,0,-9.897618e-24,0,32781.68,0,-1.32167e-12,0,5,NULL,NULL,NULL,4335,4335,2169,10839,4,4,1,400,400,83,209.3494,100947.8),(2577,34949.68,34949.68,32781.68,32781.68,32781.72,1,32781.68,0,32781.72,0,0,2169,1,10839,6,4,400,400,NULL,NULL,0,0,NULL,2169,1,1,0,0,16.11327,703.7008,2,1074641000,NULL,23988.83,0,NULL,NULL,5,NULL,NULL,16390.84,0,16390.84,0,0,0.8,56770.51,1.688006e-24,32781.68,0,-9.897618e-24,0,32781.68,0,-1.32167e-12,0,5,NULL,NULL,NULL,4335,4335,2169,10839,4,4,1,400,400,83,209.3494,100947.8),(2578,34949.68,34949.68,32781.68,32781.68,32781.72,1,32781.68,0,32781.72,0,0,2169,1,10839,6,4,400,400,NULL,NULL,0,0,NULL,2169,1,1,0,0,16.11327,703.7008,2,1074641000,NULL,23988.83,0,NULL,NULL,5,NULL,NULL,16390.84,0,16390.84,0,0,0.8,56770.51,1.688006e-24,32781.68,0,-9.897618e-24,0,32781.68,0,-1.32167e-12,0,5,NULL,NULL,NULL,4335,4335,2169,10839,4,4,1,400,400,83,209.3494,100947.8),(2579,34949.68,34949.68,32781.68,32781.68,32781.72,1,32781.68,0,32781.72,0,0,2169,1,10839,6,4,400,400,NULL,NULL,0,0,NULL,2169,1,1,0,0,16.11327,703.7008,2,1074641000,NULL,23988.83,0,NULL,NULL,5,NULL,NULL,16390.84,0,16390.84,0,0,0.8,56770.51,1.688006e-24,32781.68,0,-9.897618e-24,0,32781.68,0,-1.32167e-12,0,5,NULL,NULL,NULL,4335,4335,2169,10839,4,4,1,400,400,83,209.3494,100947.8),(2695,55,55,8,8,19.10497,2,8,3,17.88854,6.708204,10,11,0,21,2,1,0,1,NULL,NULL,1,1,NULL,11,1,1,0.2218487,0.2218487,5,0,2,275,12.72792,2.750837,9.486833,90,0.6716626,11,NULL,NULL,2.590279,0.1864359,2.590279,0,0,1,7.931665,2.196243,5.180557,0.05294978,4.811734,0,5.180557,0.05294978,5.026888,0.1864359,2,NULL,NULL,NULL,10,0,11,21,1,1,0.5238095,1,0,2,0.5,0.25),(2696,55,55,8,8,19.10497,2,8,3,17.88854,6.708204,10,11,0,21,2,1,0,1,NULL,NULL,1,1,NULL,11,1,1,0.2218487,0.2218487,5,0,2,275,12.72792,2.750837,9.486833,90,0.6716626,11,NULL,NULL,2.590279,0.1864359,2.590279,0,0,1,7.931665,2.196243,5.180557,0.05294978,4.811734,0,5.180557,0.05294978,5.026888,0.1864359,2,NULL,NULL,NULL,10,0,11,21,1,1,0.5238095,1,0,2,0.5,0.25),(2697,55,55,8,8,19.10497,2,8,3,17.88854,6.708204,10,11,0,21,2,1,0,1,NULL,NULL,1,1,NULL,11,1,1,0.2218487,0.2218487,5,0,2,275,12.72792,2.750837,9.486833,90,0.6716626,11,NULL,NULL,2.590279,0.1864359,2.590279,0,0,1,7.931665,2.196243,5.180557,0.05294978,4.811734,0,5.180557,0.05294978,5.026888,0.1864359,2,NULL,NULL,NULL,10,0,11,21,1,1,0.5238095,1,0,2,0.5,0.25),(2698,55,55,8,8,19.10497,2,8,3,17.88854,6.708204,10,11,0,21,2,1,0,1,NULL,NULL,1,1,NULL,11,1,1,0.2218487,0.2218487,5,0,2,275,12.72792,2.798516,9.486833,90,0.6716626,11,NULL,NULL,2.566472,0.1465123,2.566472,0,3.61147,1,7.931665,2.196243,5.132944,0.04583391,4.857674,-0.04489384,5.132944,0.04583391,4.994815,-0.1465123,2,NULL,NULL,NULL,10,0,11,21,1,1,0.5238095,1,0,2,0.5,0.25),(2702,55,55,8,8,19.10497,2,8,3,17.88854,6.708204,10,11,0,21,2,1,0,1,NULL,NULL,1,1,NULL,11,1,1,0.2218487,0.2218487,5,0,2,275,12.72792,2.798516,9.486833,90,0.6716626,11,NULL,NULL,2.566472,0.1465123,2.566472,0,3.61147,1,7.931665,2.196243,5.132944,0.04583391,4.857674,-0.04489384,5.132944,0.04583391,4.994815,-0.1465123,2,NULL,NULL,NULL,10,0,11,21,1,1,0.5238095,1,0,2,0.5,0.25),(2706,55,55,8,8,19.10497,2,8,3,17.88854,6.708204,10,11,0,21,2,1,0,1,NULL,NULL,1,1,NULL,11,1,1,0.2218487,0.2218487,5,0,2,275,12.72792,2.798516,9.486833,90,0.6716626,11,NULL,NULL,2.566472,0.1465123,2.566472,0,3.61147,1,7.931665,2.196243,5.132944,0.04583391,4.857674,-0.04489384,5.132944,0.04583391,4.994815,-0.1465123,2,NULL,NULL,NULL,10,0,11,21,1,1,0.5238095,1,0,2,0.5,0.25),(2710,55,55,8,8,19.10497,2,8,3,17.88854,6.708204,10,11,0,21,2,1,0,1,NULL,NULL,1,1,NULL,11,1,1,0.2218487,0.2218487,5,0,2,275,12.72792,2.798516,9.486833,90,0.6716626,11,NULL,NULL,2.566472,0.1465123,2.566472,0,3.61147,1,7.931665,2.196243,5.132944,0.04583391,4.857674,-0.04489384,5.132944,0.04583391,4.994815,-0.1465123,2,NULL,NULL,NULL,10,0,11,21,1,1,0.5238095,1,0,2,0.5,0.25),(2714,55,55,8,8,19.10497,2,8,3,17.88854,6.708204,10,11,0,21,2,1,0,1,NULL,NULL,1,1,NULL,11,1,1,0.2218487,0.2218487,5,0,2,275,12.72792,2.798516,9.486833,90,0.6716626,11,NULL,NULL,2.566472,0.1465123,2.566472,0,3.61147,1,7.931665,2.196243,5.132944,0.04583391,4.857674,-0.04489384,5.132944,0.04583391,4.994815,-0.1465123,2,NULL,NULL,NULL,10,0,11,21,1,1,0.5238095,1,0,2,0.5,0.25),(2718,55,55,8,8,19.10497,2,8,3,17.88854,6.708204,10,11,0,21,2,1,0,1,NULL,NULL,1,1,NULL,11,1,1,0.2218487,0.2218487,5,0,2,275,12.72792,2.798516,9.486833,90,0.6716626,11,NULL,NULL,2.566472,0.1465123,2.566472,0,3.61147,1,7.931665,2.196243,5.132944,0.04583391,4.857674,-0.04489384,5.132944,0.04583391,4.994815,-0.1465123,2,NULL,NULL,NULL,10,0,11,21,1,1,0.5238095,1,0,2,0.5,0.25),(2722,55,55,8,8,19.10497,2,8,3,17.88854,6.708204,10,11,0,21,2,1,0,1,NULL,NULL,1,1,NULL,11,1,1,0.2218487,0.2218487,5,0,2,275,12.72792,2.798516,9.486833,90,0.6716626,11,NULL,NULL,2.566472,0.1465123,2.566472,0,3.61147,1,7.931665,2.196243,5.132944,0.04583391,4.857674,-0.04489384,5.132944,0.04583391,4.994815,-0.1465123,2,NULL,NULL,NULL,10,0,11,21,1,1,0.5238095,1,0,2,0.5,0.25);
/*!40000 ALTER TABLE `anamod_data` ENABLE KEYS */;
UNLOCK TABLES;

--
-- Table structure for table `arguments`
--

DROP TABLE IF EXISTS `arguments`;
/*!40101 SET @saved_cs_client     = @@character_set_client */;
/*!40101 SET character_set_client = utf8 */;
CREATE TABLE `arguments` (
  `id` int(11) NOT NULL auto_increment,
  `generator_id` int(32) NOT NULL default '0',
  `sequence` tinyint(4) default NULL,
  `name` varchar(45) collate utf8_unicode_ci NOT NULL,
  `variable` varchar(45) collate utf8_unicode_ci NOT NULL,
  `type` varchar(10) collate utf8_unicode_ci NOT NULL,
  `description` varchar(100) collate utf8_unicode_ci NOT NULL,
  `optional` tinyint(1) NOT NULL,
  `options` varchar(150) collate utf8_unicode_ci default NULL,
  `default_value` varchar(30) collate utf8_unicode_ci NOT NULL,
  PRIMARY KEY  (`id`)
) ENGINE=InnoDB AUTO_INCREMENT=270 DEFAULT CHARSET=utf8 COLLATE=utf8_unicode_ci;
/*!40101 SET character_set_client = @saved_cs_client */;

--
-- Dumping data for table `arguments`
--

LOCK TABLES `arguments` WRITE;
/*!40000 ALTER TABLE `arguments` DISABLE KEYS */;
INSERT INTO `arguments` VALUES (1,177,0,'Dimension','D','SELECT','Dimension of the model',1,'a:2:{i:0;s:2:\"1D\";i:1;s:2:\"2D\";}',''),(2,177,0,'M','n1','INTEGER','1/M is the mesh size and side length is N= M *(M-1)',1,'',''),(3,177,0,'Damping matrix coeff','z','DOUBLE','The damping matrix has the form Z^(-1)*D',1,'',''),(4,178,0,'Velocity','v','DOUBLE','The forward speed of the bicycle in m/s',1,'',''),(5,179,0,'Coeff','beta','DOUBLE','Global matrix coeff',1,'',''),(6,180,0,'M','m','DOUBLE','Value of M for M^2-by-M^2 quartic matrix polynomial',1,'',''),(7,182,0,'Alpha','alpha','DOUBLE','For 0 < alpha < 0.875 all eigen values lie inside the unit disc',1,'',''),(8,183,0,'Mu','mu','DOUBLE','',1,'',''),(9,184,0,'# Finite Elements','nele','INTEGER','Must be even',0,'',''),(10,185,0,'N','N','INTEGER','Hermite functions in first component',1,'',''),(11,185,0,'M','M','INTEGER','Hermite functions in second component',1,'',''),(12,185,0,'Strength','Alpha','DOUBLE','Strength of potential. Must be more than -sqrt(3)/2 and less than zero',1,'',''),(13,185,0,'Decomposition constant','Kappa','INTEGER','Corresponds to a radially symmetric decomposition of the space into partial wave subspaces',1,'',''),(14,188,0,'N','n','INTEGER','Side length',1,'',''),(15,188,0,'Kappa','kappa','STIFFNESS','The location of the object',1,'',''),(16,190,0,'Velocity','v','INTEGER','The speed of the object',1,'',''),(17,190,0,'Location','x','DOUBLE','The location of the object',1,'',''),(18,191,0,'Velocity','v','INTEGER','The speed of the object',1,'',''),(19,191,0,'Location','x','DOUBLE','The location of the object',1,'',''),(20,192,0,'Velocity','v','INTEGER','The speed of the object',1,'',''),(21,192,0,'Location','x','DOUBLE','The location of the object',1,'',''),(22,193,0,'Velocity','v','INTEGER','The speed of the object',1,'',''),(23,193,0,'Location','x','DOUBLE','The location of the object',1,'',''),(24,194,0,'Velocity','v','INTEGER','The speed of the object',1,'',''),(25,194,0,'Location','x','DOUBLE','The location of the object',1,'',''),(26,195,0,'Velocity','v','INTEGER','The speed of the object',1,'',''),(27,195,0,'Location','x','DOUBLE','The location of the object',1,'',''),(28,196,0,'Velocity','v','INTEGER','The speed of the object',1,'',''),(29,196,0,'Location','x','DOUBLE','The location of the object',1,'',''),(30,197,0,'Velocity','v','INTEGER','The speed of the object',1,'',''),(31,197,0,'Location','x','DOUBLE','The location of the object',1,'',''),(32,198,0,'Velocity','v','INTEGER','The speed of the object',1,'',''),(33,198,0,'Location','x','DOUBLE','The location of the object',1,'',''),(34,199,0,'Velocity','v','INTEGER','The speed of the object',1,'',''),(35,199,0,'Location','x','DOUBLE','The location of the object',1,'',''),(36,200,0,'Velocity','v','INTEGER','The speed of the object',1,'',''),(37,200,0,'Location','x','DOUBLE','The location of the object',1,'',''),(38,201,0,'Refinement Scheme','scheme','SELECT','',0,'a:2:{i:0;s:1:\"H\";i:1;s:2:\"HP\";}',''),(39,201,0,'Solve','solve','BOOLEAN','',0,'',''),(40,202,0,'Refinement Scheme','scheme','SELECT','',0,'a:2:{i:0;s:1:\"H\";i:1;s:2:\"HP\";}',''),(41,202,0,'Solve','solve','BOOLEAN','',0,'',''),(42,206,0,'Velocity','v','DOUBLE','The forward speed of the bicycle in m/s',1,'',''),(43,207,0,'Velocity','v','DOUBLE','The forward speed of the bicycle in m/s',1,'',''),(44,208,0,'Velocity','v','DOUBLE','The forward speed of the bicycle in m/s',1,'',''),(45,209,0,'Velocity','v','DOUBLE','The forward speed of the bicycle in m/s',1,'',''),(46,210,0,'Velocity','v','DOUBLE','The forward speed of the bicycle in m/s',1,'',''),(47,211,0,'Velocity','v','DOUBLE','The forward speed of the bicycle in m/s',1,'',''),(48,79,0,'Dimension','dimension','SELECT','Dimension',0,'a:1:{i:0;s:1:\"3\";}','3'),(49,79,0,'Grid X','nx','INTEGER','Number of finite elements in the x direction',1,'a:1:{i:0;s:0:\"\";}','1'),(50,79,0,'Grid Y','ny','INTEGER','Number of finite elements in the y direction',1,'a:1:{i:0;s:0:\"\";}','1'),(52,79,0,'Size x','Lx','FLOAT','Domain size x direction',1,'a:1:{i:0;s:0:\"\";}','1'),(53,79,0,'Size y','Ly','FLOAT','Domain size y direction',1,'a:1:{i:0;s:0:\"\";}','1'),(55,79,0,'Origin x','xmin','FLOAT','Origin in x direction',1,'a:1:{i:0;s:0:\"\";}','0'),(56,79,0,'Origin y','ymin','FLOAT','Origin in y direction',1,'a:1:{i:0;s:0:\"\";}','0'),(58,79,0,'FEM Family','fefamily','SELECT','Class of FEMs to use in simulation',0,'a:2:{i:0;s:8:\"LAGRANGE\";i:1;s:10:\"HIERARCHIC\";}','LAGRANGE'),(59,79,0,'Element Order','elementorder','INTEGER','Class of FEMs to use in simulation',0,'a:1:{i:0;s:0:\"\";}','2'),(61,79,0,'Centers X','hole_centers_x','STRING','Space delimited x coord of hole center',0,'',''),(62,79,0,'Centers Y','hole_centers_y','STRING','Space delimited y coord of hole center',0,'',''),(63,79,0,'Hole Radii','hole_radii','STRING','Space delimited hole radii',0,'',''),(64,79,0,'Hole # Points','hole_npoints','STRING','Space delimited # points per hole',0,'',''),(65,79,0,'Solve','do_solve','BOOLEAN','Solve FEM Problem too?',0,'a:1:{i:0;s:0:\"\";}',''),(67,80,0,'Grid X','nx','INTEGER','Number of finite elements in the x direction',1,'a:1:{i:0;s:0:\"\";}',''),(68,80,0,'Grid Y','ny','INTEGER','Number of finite elements in the y direction',1,'',''),(70,80,0,'Size x','Lx','FLOAT','Domain size x direction',1,'',''),(71,80,0,'Size y','Ly','FLOAT','Domain size y direction',1,'',''),(73,80,0,'Origin x','xmin','FLOAT','Origin in x direction',1,'',''),(74,80,0,'Origin y','ymin','FLOAT','Origin in y direction',1,'',''),(76,80,0,'FEM Family','fefamily','SELECT','Class of FEMs to use in simulation',0,'a:2:{i:0;s:8:\"LAGRANGE\";i:1;s:10:\"HIERARCHIC\";}',''),(77,80,0,'Element Order','elementorder','INTEGER','Element order used for problem simulation',0,'',''),(78,80,0,'Reynolds Number','re','INTEGER','Reynolds Number',0,'',''),(79,80,0,'Solve','do_solve','BOOLEAN','Solve FEM Problem too?',1,'',''),(80,215,0,'Initial Timestep','initial','DOUBLE','Initial Timestep',0,'',''),(81,215,0,'#Timesteps','timesteps','INTEGER','Number of Timesteps',0,'a:1:{i:0;s:0:\"\";}',''),(82,215,0,'Thermal Conductivity','k','DOUBLE','Thermal Conductivity',0,'a:1:{i:0;s:0:\"\";}',''),(83,215,0,'Velocity X','vx','DOUBLE','Velocity in the X dimension',0,'a:1:{i:0;s:0:\"\";}',''),(84,215,0,'Velocity Y','vy','DOUBLE','Velocity in the Y dimension',0,'a:1:{i:0;s:0:\"\";}',''),(85,215,0,'Velocity Z','vz','DOUBLE','Velocity in the Z dimension',0,'a:1:{i:0;s:0:\"\";}',''),(86,215,0,'# of elements X','numelx','DOUBLE','Number of elements in the X direction',0,'a:1:{i:0;s:0:\"\";}',''),(87,215,0,'# of elements Y','numely','DOUBLE','Number of elements in the Y direction',0,'a:1:{i:0;s:0:\"\";}',''),(88,216,0,'Thermal Conductivity','k','DOUBLE','Thermal Conductivity',0,'',''),(89,216,0,'Velocity X','vx','DOUBLE','Velocity in the X dimension',0,'',''),(90,216,0,'Velocity Y','vy','DOUBLE','Velocity in the Y dimension',0,'',''),(91,216,0,'Velocity Z','vz','DOUBLE','Velocity in the Z dimension',0,'',''),(92,216,0,'# of elements X','numelx','DOUBLE','Number of elements in the X direction',0,'',''),(93,216,0,'# of elements Y','numely','DOUBLE','Number of elements in the Y direction',0,'',''),(94,216,0,'# of elements Z','numelz','DOUBLE','Number of elements in the Z direction',0,'',''),(95,217,0,'Thermal Conductivity','k','DOUBLE','Thermal Conductivity',0,'a:1:{i:0;s:0:\"\";}','1'),(96,217,0,'Velocity X','vx','DOUBLE','Velocity in the X dimension',0,'a:1:{i:0;s:0:\"\";}','1'),(97,217,0,'Velocity Y','vy','DOUBLE','Velocity in the Y dimension',0,'a:1:{i:0;s:0:\"\";}','0'),(98,217,0,'Velocity Z','vz','DOUBLE','Velocity in the Z dimension',0,'a:1:{i:0;s:0:\"\";}','0'),(99,217,0,'# of elements X','numelx','DOUBLE','Number of elements in the X direction',0,'a:1:{i:0;s:0:\"\";}','2'),(100,217,0,'# of elements Y','numely','DOUBLE','Number of elements in the Y direction',0,'a:1:{i:0;s:0:\"\";}','1'),(101,217,0,'# of elements Z','numelz','DOUBLE','Number of elements in the Z direction',0,'a:1:{i:0;s:0:\"\";}','1'),(102,218,0,'Initial Timestep','initial','DOUBLE','Initial Timestep',0,'a:1:{i:0;s:0:\"\";}','1'),(103,218,0,'#Timesteps','timesteps','DOUBLE','Number of Timesteps',0,'a:1:{i:0;s:0:\"\";}','10'),(104,218,0,'Thermal Conductivity','k','DOUBLE','Thermal Conductivity',0,'a:1:{i:0;s:0:\"\";}','1'),(105,218,0,'Velocity X','vx','DOUBLE','Velocity in the X dimension',0,'a:1:{i:0;s:0:\"\";}','1'),(106,218,0,'Velocity Y','vy','DOUBLE','Velocity in the Y dimension',0,'a:1:{i:0;s:0:\"\";}','0'),(107,218,0,'Velocity Z','vz','DOUBLE','Velocity in the Z dimension',0,'a:1:{i:0;s:0:\"\";}','0'),(108,218,0,'# of elements X','numelx','DOUBLE','Number of elements in the X direction',0,'a:1:{i:0;s:0:\"\";}','2'),(109,218,0,'# of elements Y','numely','DOUBLE','Number of elements in the Y direction',0,'a:1:{i:0;s:0:\"\";}','1'),(110,153,2,'Dimension','D','SELECT','Dimension of the model',1,'false','2D'),(111,153,1,'M','n1','INTEGER','1/M is the mesh size and side length is N= M *(M-1)',1,'','2'),(112,153,0,'Damping matrix coeff','z','DOUBLE','The damping matrix has the form Z^(-1)*D',1,'a:1:{i:0;s:0:\"\";}','3'),(113,154,0,'Velocity','v','DOUBLE','The forward speed of the bicycle in m/s',1,'a:1:{i:0;s:0:\"\";}','3'),(114,155,0,'Coeff','beta','DOUBLE','Global matrix coeff',1,'a:1:{i:0;s:0:\"\";}','1'),(115,156,0,'M','m','DOUBLE','Value of M for M^2-by-M^2 quartic matrix polynomial',1,'a:1:{i:0;s:0:\"\";}','0.4'),(116,158,0,'Alpha','alpha','DOUBLE','For 0 < alpha < 0.875 all eigen values lie inside the unit disc',1,'a:1:{i:0;s:0:\"\";}','1'),(117,159,0,'Mu','mu','DOUBLE','',1,'a:1:{i:0;s:0:\"\";}','0.4'),(118,160,0,'# Finite Elements','nele','INTEGER','Must be even',0,'a:1:{i:0;s:0:\"\";}','100'),(119,161,0,'N','N','INTEGER','Hermite functions in first component',1,'a:1:{i:0;s:0:\"\";}','40'),(120,161,0,'M','M','INTEGER','Hermite functions in second component',1,'a:1:{i:0;s:0:\"\";}','40'),(121,161,0,'Strength','Alpha','DOUBLE','Strength of potential. Must be more than -sqrt(3)/2 and less than zero',1,'a:1:{i:0;s:0:\"\";}','-0.5'),(122,161,0,'Decomposition constant','Kappa','INTEGER','Corresponds to a radially symmetric decomposition of the space into partial wave subspaces',1,'a:1:{i:0;s:0:\"\";}','-1'),(123,164,0,'N','n','INTEGER','Side length',1,'a:1:{i:0;s:0:\"\";}','20'),(124,164,0,'Kappa','kappa','INTEGER','Stiffness',0,'a:1:{i:0;s:0:\"\";}','1'),(125,166,0,'Side length','N','INTEGER','',1,'a:1:{i:0;s:0:\"\";}','64'),(126,166,0,'Reynolds Number','R','INTEGER','',1,'a:1:{i:0;s:0:\"\";}','5772'),(127,166,0,'Frequency','W','DOUBLE','',1,'a:1:{i:0;s:0:\"\";}','0.26943'),(128,167,0,'Mu','mu','DOUBLE','The hysteretic damping added to the model',1,'a:1:{i:0;s:0:\"\";}','0.2'),(129,168,0,'Velocity','v','INTEGER','The speed of the object',1,'a:1:{i:0;s:0:\"\";}','2'),(130,168,0,'Location','x','DOUBLE','The location of the object',1,'a:1:{i:0;s:0:\"\";}','0.45'),(131,171,0,'Velocity','v','INTEGER','The speed of the object',1,'a:1:{i:0;s:0:\"\";}','1'),(132,171,0,'Location','x','DOUBLE','The location of the object',1,'a:1:{i:0;s:0:\"\";}','0.5'),(133,172,0,'Velocity','v','INTEGER','The speed of the object',1,'a:1:{i:0;s:0:\"\";}','1'),(134,172,0,'Location','x','DOUBLE','The location of the object',1,'a:1:{i:0;s:0:\"\";}','0.5'),(135,173,0,'Velocity','v','INTEGER','The speed of the object',1,'',''),(136,173,0,'Location','x','DOUBLE','The location of the object',1,'',''),(137,174,0,'Velocity','v','INTEGER','The speed of the object',1,'',''),(138,174,0,'Location','x','DOUBLE','The location of the object',1,'',''),(139,176,0,'Velocity','v','INTEGER','The speed of the object',1,'',''),(140,176,0,'Location','x','DOUBLE','The location of the object',1,'',''),(141,215,0,'# of elements Z','numelz','DOUBLE','',0,'a:1:{i:0;s:0:\"\";}',''),(142,215,0,'# of elements Z','numelz','DOUBLE','',0,'a:1:{i:0;s:0:\"\";}',''),(143,218,0,'# of elements Z','numelz','DOUBLE','',0,'a:1:{i:0;s:0:\"\";}','1'),(144,219,0,'Grid size X','da_grid_x','INTEGER','Size of grid in X dimension',0,'a:1:{i:0;s:0:\"\";}','20'),(145,219,0,'Grid size Y','da_grid_y','INTEGER','Size of grid in Y dimension',0,'a:1:{i:0;s:0:\"\";}','20'),(146,219,0,'Grid size Z','da_grid_z','INTEGER','Size of grid in Z dimension',0,'a:1:{i:0;s:0:\"\";}','20'),(147,219,0,'Porosity Seed','seed_phi','FLOAT','Seed for normally distributed random noise added to the porosity field',0,'a:1:{i:0;s:0:\"\";}','3454345'),(148,219,0,'1-1 Seed','seed_k11','FLOAT','Seed for normally distributed random noise added to the permeability tensor component in the 1-1 dir',0,'a:1:{i:0;s:0:\"\";}','56756756'),(149,219,0,'2-2 Seed','seed_k22','FLOAT','Seed for normally distributed random noise added to the permeability tensor component in the 2-2 dir',0,'a:1:{i:0;s:0:\"\";}','235759'),(150,219,0,'3-3 Seed','seed_k33','FLOAT','Seed for normally distributed random noise added to the permeability tensor component in the 3-3 dir',0,'a:1:{i:0;s:0:\"\";}','234656'),(151,219,0,'Flowmask Seed','seed_flowmask','FLOAT','Seed used to generate the flowmask',0,'a:1:{i:0;s:0:\"\";}','3222111'),(152,219,0,'Porosity noise %','percentage_phi','FLOAT','The percentile maximum range of the porosity noise',0,'a:1:{i:0;s:0:\"\";}','0.1'),(153,219,0,'1-1 noise %','percentage_k11','FLOAT','The percentile maximum range of the permeability noise (1-1 direction)',0,'a:1:{i:0;s:0:\"\";}','0.1'),(154,219,0,'2-2 noise %','percentage_k22','FLOAT','The percentile maximum range of the permeability noise (2-2 direction)',0,'a:1:{i:0;s:0:\"\";}','0.1'),(155,219,0,'3-3 noise %','percentage_k33','FLOAT','The percentile maximum range of the permeability noise (3-3 direction)',0,'a:1:{i:0;s:0:\"\";}','0.1'),(156,219,0,'Flowmask noise %','percentage_flowmask','FLOAT','The percentage of the domain that is blocked off',0,'a:1:{i:0;s:0:\"\";}','0.15'),(157,220,0,'Refinement Scheme','scheme','STRING','',0,'a:2:{i:0;s:1:\"H\";i:1;s:2:\"HP\";}','HP'),(158,220,0,'HP Min','hp-min','INTEGER','',0,'a:1:{i:0;s:0:\"\";}','0'),(159,220,0,'HP Max','hp-max','INTEGER','',0,'a:1:{i:0;s:0:\"\";}','1'),(160,220,0,'Anisotropy-x','anisotropy-x','FLOAT','Anisotropy (X direction)',0,'a:1:{i:0;s:0:\"\";}','0'),(161,220,0,'Anisotropy-y','anisotropy-y','FLOAT','Anisotropy (Y direction)',0,'a:1:{i:0;s:0:\"\";}','0'),(162,220,0,'Anisotropy-z','anisotropy-z','FLOAT','Anisotropy (Z direction)',0,'a:1:{i:0;s:0:\"\";}','0'),(163,221,0,'Refinement Scheme','scheme','SELECT','',0,'a:2:{i:0;s:1:\"H\";i:1;s:2:\"HP\";}','HP'),(165,221,0,'HP Min','hp-min','INTEGER','',0,'a:1:{i:0;s:0:\"\";}','0'),(166,221,0,'HP Max','hp-max','INTEGER','',0,'a:1:{i:0;s:0:\"\";}','1'),(167,221,0,'Anisotropy-x','anisotropy-x','FLOAT','Anisotropy (X direction)',0,'a:1:{i:0;s:0:\"\";}','0'),(168,221,0,'Anisotropy-y','anisotropy-y','FLOAT','Anisotropy (Y direction)',0,'a:1:{i:0;s:0:\"\";}','0'),(169,221,0,'Anisotropy-z','anisotropy-z','FLOAT','Anisotropy (Z direction)',0,'a:1:{i:0;s:0:\"\";}','0'),(170,222,0,'Refinement Scheme','scheme','SELECT','',0,'a:2:{i:0;s:1:\"H\";i:1;s:2:\"HP\";}','HP'),(171,222,0,'HP Min','hp-min','INTEGER','',0,'a:1:{i:0;s:0:\"\";}','0'),(172,222,0,'HP Max','hp-max','INTEGER','',0,'a:1:{i:0;s:0:\"\";}','1'),(173,222,0,'Anisotropy-x','anisotropy-x','FLOAT','Anisotropy (X direction)',0,'a:1:{i:0;s:0:\"\";}','0'),(174,222,0,'Anisotropy-y','anisotropy-y','FLOAT','Anisotropy (Y direction)',0,'a:1:{i:0;s:0:\"\";}','0'),(175,222,0,'Anisotropy-z','anisotropy-z','FLOAT','Anisotropy (Z direction)',0,'a:1:{i:0;s:0:\"\";}','0'),(176,223,0,'Refinement Scheme','scheme','SELECT','',0,'a:2:{i:0;s:1:\"H\";i:1;s:2:\"HP\";}','HP'),(177,223,0,'HP Min','hp-min','INTEGER','',0,'a:1:{i:0;s:0:\"\";}','0'),(178,223,0,'HP Max','hp-max','INTEGER','',0,'a:1:{i:0;s:0:\"\";}','1'),(179,223,0,'Anisotropy-x','anisotropy-x','FLOAT','',0,'a:1:{i:0;s:0:\"\";}','0'),(180,223,0,'Anisotropy-y','anisotropy-y','FLOAT','',0,'a:1:{i:0;s:0:\"\";}','0'),(181,223,0,'Anisotropy-z','anisotropy-z','FLOAT','',0,'a:1:{i:0;s:0:\"\";}','0'),(182,224,0,'Dimension','D','SELECT','Dimension of the model',1,'a:2:{i:0;s:2:\"1D\";i:1;s:2:\"2D\";}',''),(183,224,0,'M','n1','INTEGER','1/M is the mesh size and side length is N= M *(M-1)',1,'',''),(184,224,0,'Damping matrix coeff','z','DOUBLE','The damping matrix has the form Z^(-1)*D',1,'',''),(185,225,0,'Velocity','v','DOUBLE','The forward speed of the bicycle in m/s',1,'',''),(186,226,0,'Coeff','beta','DOUBLE','Global matrix coeff',1,'',''),(188,228,0,'Alpha','alpha','DOUBLE','For 0 < alpha < 0.875 all eigen values lie inside the unit disc',1,'',''),(191,229,0,'N','N','INTEGER','Hermite functions in first component',1,'',''),(192,229,0,'M','M','INTEGER','Hermite functions in second component',1,'',''),(193,229,0,'Strength','Alpha','DOUBLE','Strength of potential. Must be more than -sqrt(3)/2 and less than zero',1,'',''),(194,229,0,'Decomposition constant','Kappa','INTEGER','Corresponds to a radially symmetric decomposition of the space into partial wave subspaces',1,'',''),(197,232,0,'Side length','N','INTEGER','',1,'',''),(198,232,0,'Reynolds Number','R','INTEGER','',1,'',''),(199,232,0,'Frequency','W','DOUBLE','',1,'',''),(200,233,0,'Mu','mu','DOUBLE','The hysteretic damping added to the model',1,'',''),(201,234,0,'Velocity','v','INTEGER','The speed of the object',1,'',''),(202,234,0,'Location','x','DOUBLE','The location of the object',1,'',''),(203,236,0,'Velocity','v','INTEGER','The speed of the object',1,'',''),(204,236,0,'Location','x','DOUBLE','The location of the object',1,'',''),(205,237,0,'Velocity','v','INTEGER','The speed of the object',1,'',''),(206,237,0,'Location','x','DOUBLE','The location of the object',1,'',''),(207,238,0,'Velocity','v','INTEGER','The speed of the object',1,'',''),(208,238,0,'Location','x','DOUBLE','The location of the object',1,'',''),(209,239,0,'Velocity','v','INTEGER','The speed of the object',1,'',''),(210,239,0,'Location','x','DOUBLE','The location of the object',1,'',''),(211,240,0,'Velocity','v','INTEGER','The speed of the object',1,'',''),(212,240,0,'Location','x','DOUBLE','The location of the object',1,'',''),(213,219,0,'End Time','endtime','FLOAT','The end time of the simulation',0,'a:1:{i:0;s:0:\"\";}','2'),(214,80,0,'Grid Z','nz','INTEGER','',0,'a:1:{i:0;s:0:\"\";}',''),(215,80,0,'Grid Z','nz','INTEGER','',0,'a:1:{i:0;s:0:\"\";}',''),(216,79,0,'Grid Z','nz','INTEGER','Number of finite elements in the x direction',0,'a:1:{i:0;s:0:\"\";}','1'),(217,79,0,'Grid Z','nz','INTEGER','Number of finite elements in the z direction',0,'a:1:{i:0;s:0:\"\";}',''),(218,0,0,'','','','',0,'',''),(219,0,0,'','','','',0,'',''),(220,0,0,'','','','',0,'',''),(221,0,0,'','','','',0,'',''),(222,0,0,'','','','',0,'',''),(223,0,0,'','','','',0,'',''),(224,0,0,'','','','',0,'',''),(225,0,0,'','','','',0,'',''),(226,0,0,'','','','',0,'',''),(227,0,0,'','','','',0,'',''),(228,0,0,'','','','',0,'',''),(230,17,0,'','','','',0,'',''),(231,17,0,'','','','',0,'',''),(232,17,0,'','','','',0,'',''),(233,241,0,'FEM Family','fem-family','SELECT','The Finite Element Method Family to use',0,'a:3:{i:0;s:8:\"Lagrange\";i:1;s:3:\" DG\";i:2;s:6:\" mixed\";}','Lagrange'),(234,242,0,'FEM Family','fem-family','SELECT','',0,'a:5:{i:0;s:11:\"taylor-hood\";i:1;s:16:\"crouzeix-raviart\";i:2;s:6:\"brezzi\";i:3;s:5:\" mini\";i:4;s:5:\" stab\";}',''),(235,241,0,'Element Order','element-order','INTEGER','Integer from 1 to 5',0,'','3'),(236,241,0,'Refinement Method','refine-method','SELECT','No Description',0,'a:2:{i:0;s:8:\"adaptive\";i:1;s:8:\" uniform\";}','adaptive'),(237,241,0,'Refinement Percent','refine-percent','FLOAT','Percent of cells to be refined for every refinement. Only valid for adaptive',0,'','0.5'),(238,242,0,'Element Order','element-order','INTEGER','Order of Velocity Field',0,'a:1:{i:0;s:0:\"\";}','3'),(239,242,0,'Stab','stab','INTEGER','Stabilization',0,'a:1:{i:0;s:0:\"\";}',''),(240,242,0,'Stabilization Beta','stab-beta','DOUBLE','Double representing stabilized value',0,'a:1:{i:0;s:0:\"\";}','0.2'),(259,258,0,'','','','',0,'',''),(264,259,0,'n','n','INTEGER','nsize',0,'a:1:{i:0;s:0:\"\";}','11'),(267,260,0,'Value A','a','STRING','',0,'a:1:{i:0;s:0:\"\";}','DefaultA'),(268,260,0,'Value B','b','','',0,'a:1:{i:0;s:0:\"\";}','DefaultB'),(269,259,0,'v','v','FLOAT','value',0,'a:1:{i:0;s:0:\"\";}','2.5');
/*!40000 ALTER TABLE `arguments` ENABLE KEYS */;
UNLOCK TABLES;

--
-- Table structure for table `collection`
--

DROP TABLE IF EXISTS `collection`;
/*!40101 SET @saved_cs_client     = @@character_set_client */;
/*!40101 SET character_set_client = utf8 */;
CREATE TABLE `collection` (
  `id` int(11) NOT NULL auto_increment,
  `name` varchar(45) collate utf8_unicode_ci default NULL,
  `description` text collate utf8_unicode_ci,
  PRIMARY KEY  (`id`)
) ENGINE=InnoDB AUTO_INCREMENT=28 DEFAULT CHARSET=utf8 COLLATE=utf8_unicode_ci;
/*!40101 SET character_set_client = @saved_cs_client */;

--
-- Dumping data for table `collection`
--

LOCK TABLES `collection` WRITE;
/*!40000 ALTER TABLE `collection` DISABLE KEYS */;
INSERT INTO `collection` VALUES (1,'Default Collection','No Description'),(14,'libMesh FEM','A collection of finite element method problems based on the libMesh library. \nThe \n<a href=\"http://libmesh.sourceforge.net/\">libMesh Library</a> can be downloaded freely from SourceForge. '),(16,'NLEVP','NLEVP: A Collection of Nonlinear Eigenvalue Problems\n\nThis generator collection provides a collection of nonlinear eigenvalue problems. It contains problems from models of real-life applications as well as problems constructed specifically to have particular properties. \n\nMore info can be found at:<br>\n<a href=\"http://www.mims.manchester.ac.uk/research/numerical-analysis/nlevp.html\">http://www.mims.manchester.ac.uk/research/numerical-analysis/nlevp.html</a>'),(17,'HP3D','The hp3d solvers solve the Poisson problem on the Fichera domain. The Dirichlet boundary condition on the L-shaped sides is (in local coordinates):\n<br>\n<image src=\"Images/HP3D/eq0000M.gif\">\n<br>\nThe solution has a singularity along the re-entrant edges and corner, which requires adaptive refinement of the mesh and increase in the polynomial degree of the elements.\n<br>\n<image width=\"200\" src=\"Images/HP3D/fichera_sol.png\"><br>'),(19,'The Matrix Computation Toolbox','A collection of MATLAB M-files containing functions for constructing test matrices'),(22,'MGF','<span id=\"MPDpiSpan\"></span>\r\n\r\n\r\n<script language=\"javascript\">\r\nMPBodyInit(\'Images/MGF\')\r\n</script>\r\n<!-- )MP BODY -->\r\n\r\n\r\n<p style=\"width:25em;\">MGF solves the time-dependent version of the convection\r\ndiffusion equation</p>\r\n\r\n<p style=\"width:25em;\";>\r\n<img src=\"Images/MGF/eq0000M.gif\">\r\n\r\n                     <span style=\"display:inline-block;margin-right:1em; margin-left:1em;\">on</span>\r\n<img src=\"Images/MGF/eq0001M.gif\">\r\n</p>\r\n\r\n<p style=\"width:25em\">\r\n\r\n<img src=\"Images/MGF/eq0002M.gif\">\r\n <span style=\"display:inline-block;margin-right:1em; margin-left:1em;\">on</span>\r\n<img src=\"Images/MGF/eq0003M.gif\">\r\n</p>\r\n\r\n\r\n<img src=\"Images/MGF/eq0004M.gif\">\r\n <span style=\"display:inline-block;margin-right:1em; margin-left:1em;\">on</span>\r\n<img src=\"Images/MGF/eq0005M.gif\">\r\n</p>\r\n\r\n\r\n\r\n<p class=\"MTDisplayEquation\">where</p>\r\n\r\n<p><img src=\"Images/MGF/eq0006M.gif\">\r\n <span style=\"display:inline-block;margin-right:1em; margin-left:1em;\">is density, fixed</span><p>\r\n\r\n<p><img src=\"Images/MGF/eq0007M.gif\">\r\n <span style=\"display:inline-block;margin-right:1em; margin-left:1em;\">is specific heat, fixed</span><p>\r\n\r\n<p><img src=\"Images/MGF/eq0008M.gif\">\r\n <span style=\"display:inline-block;margin-right:1em; margin-left:1em;\">is thermal conductivity, parameter</span><p>\r\n\r\n<p><img src=\"Images/MGF/eq0009M.gif\">\r\n <span style=\"display:inline-block;margin-right:1em; margin-left:1em;\">is imposed velocity, parameter</span><p>\r\n\r\n'),(23,'Defiant','A finite-difference reservoir simulation toolkit based on PETSc that uses finite difference discretization of the muliphase flow through media equations.'),(24,'FEniCS','The FEniCS Project is a collection of free software aimed at automated, efficient solution of differential equations. The project provides tools for working with computational meshes, finite element variational formulations of PDEs, ODE solvers and linear algebra.\r\n'),(27,'Victor test','just tinkering');
/*!40000 ALTER TABLE `collection` ENABLE KEYS */;
UNLOCK TABLES;

--
-- Table structure for table `comment`
--

DROP TABLE IF EXISTS `comment`;
/*!40101 SET @saved_cs_client     = @@character_set_client */;
/*!40101 SET character_set_client = utf8 */;
CREATE TABLE `comment` (
  `type` enum('collection','generator','product') collate utf8_unicode_ci default NULL,
  `id` int(11) default NULL,
  `user_id` int(10) unsigned default NULL,
  `time` int(11) default NULL,
  `message` text collate utf8_unicode_ci
) ENGINE=MyISAM DEFAULT CHARSET=utf8 COLLATE=utf8_unicode_ci;
/*!40101 SET character_set_client = @saved_cs_client */;

--
-- Dumping data for table `comment`
--

LOCK TABLES `comment` WRITE;
/*!40000 ALTER TABLE `comment` DISABLE KEYS */;
INSERT INTO `comment` VALUES ('collection',14,23,1243609273,'Test'),('generator',79,23,1243610620,'Test Comment');
/*!40000 ALTER TABLE `comment` ENABLE KEYS */;
UNLOCK TABLES;

--
-- Table structure for table `file`
--

DROP TABLE IF EXISTS `file`;
/*!40101 SET @saved_cs_client     = @@character_set_client */;
/*!40101 SET character_set_client = utf8 */;
CREATE TABLE `file` (
  `id` int(11) NOT NULL auto_increment,
  `resource_id` int(10) unsigned NOT NULL,
  `name` varchar(100) collate utf8_unicode_ci default NULL,
  `size` int(32) NOT NULL,
  `resource_type` enum('problem','generator','collection') collate utf8_unicode_ci NOT NULL,
  PRIMARY KEY  (`id`)
) ENGINE=MyISAM AUTO_INCREMENT=2725 DEFAULT CHARSET=utf8 COLLATE=utf8_unicode_ci;
/*!40101 SET character_set_client = @saved_cs_client */;

--
-- Dumping data for table `file`
--

LOCK TABLES `file` WRITE;
/*!40000 ALTER TABLE `file` DISABLE KEYS */;
INSERT INTO `file` VALUES (2546,208,'matrix-1.500000.ptc',0,'problem'),(2545,208,'matrix-1.000000.ptc',0,'problem'),(2544,208,'matrix-0.500000.ptc',0,'problem'),(2543,208,'matrix-0.000000.ptc',0,'problem'),(2542,190,'TxTPS.txt',0,'problem'),(2541,189,'ex2v.ptc',0,'problem'),(2540,178,'debug_file',0,'problem'),(2539,177,'emptytestfile',0,'problem'),(2538,153,'test',0,'generator'),(2547,211,'matrix-0.000000.ptc',0,'problem'),(2548,211,'matrix-0.500000.ptc',0,'problem'),(2549,211,'matrix-1.000000.ptc',0,'problem'),(2550,211,'matrix-1.500000.ptc',0,'problem'),(2551,211,'rhs-0.000000.ptc',0,'problem'),(2552,211,'rhs-0.500000.ptc',0,'problem'),(2553,211,'rhs-1.000000.ptc',0,'problem'),(2554,211,'rhs-1.500000.ptc',0,'problem'),(2555,225,'debug_file',0,'problem'),(2556,226,'debug_file',0,'problem'),(2557,227,'debug_file',0,'problem'),(2558,228,'debug_file',0,'problem'),(2559,229,'debug_file',0,'problem'),(2560,230,'debug_file',0,'problem'),(2561,231,'debug_file',0,'problem'),(2562,232,'debug_file',0,'problem'),(2563,233,'debug_file',0,'problem'),(2564,234,'debug_file',0,'problem'),(2565,235,'debug_file',0,'problem'),(2566,236,'debug_file',0,'problem'),(2567,237,'debug_file',0,'problem'),(2568,238,'debug_file',0,'problem'),(2569,239,'debug_file',0,'problem'),(2570,240,'debug_file',0,'problem'),(2571,241,'debug_file',0,'problem'),(2572,242,'debug_file',0,'problem'),(2573,243,'debug_file',0,'problem'),(2574,244,'debug_file',0,'problem'),(2575,246,'debug_file',0,'problem'),(2576,248,'matrix-0.000000.ptc',0,'problem'),(2577,248,'matrix-0.500000.ptc',0,'problem'),(2578,248,'matrix-1.000000.ptc',0,'problem'),(2579,248,'matrix-1.500000.ptc',0,'problem'),(2580,248,'rhs-0.000000.ptc',0,'problem'),(2581,248,'rhs-0.500000.ptc',0,'problem'),(2582,248,'rhs-1.000000.ptc',0,'problem'),(2583,248,'rhs-1.500000.ptc',0,'problem'),(2584,256,'mmdump-c-0-0-110',0,'problem'),(2585,256,'mmdump-c-0-1-639',0,'problem'),(2586,256,'mmdump-f-0-0-1533',0,'problem'),(2587,256,'mmdump-f-0-1-11387',0,'problem'),(2588,257,'mmdump-c-0-0-110',0,'problem'),(2589,257,'mmdump-c-0-1-639',0,'problem'),(2590,257,'mmdump-f-0-0-1533',0,'problem'),(2591,257,'mmdump-f-0-1-11387',0,'problem'),(2592,258,'mmdump-c-0-0-110',0,'problem'),(2593,258,'mmdump-c-0-1-639',0,'problem'),(2594,258,'mmdump-f-0-0-1533',0,'problem'),(2595,258,'mmdump-f-0-1-11387',0,'problem'),(2600,259,'mmdump-c-0-0-110.mm',0,'problem'),(2597,259,'mmdump-c-0-1-639',0,'problem'),(2598,259,'mmdump-f-0-0-1533',0,'problem'),(2599,259,'mmdump-f-0-1-11387',0,'problem'),(2601,259,'mmdump-c-0-0-110.umm',0,'problem'),(2606,259,'umm-assemble.py~',0,'problem'),(2611,260,'mmdump-c-0-0-110.mm',0,'problem'),(2610,259,'mmdump-c-0-0-110.umm~',0,'problem'),(2612,260,'mmdump-c-0-0-110.umm',0,'problem'),(2613,260,'mmdump-c-0-1-639.mm',0,'problem'),(2614,260,'mmdump-c-0-1-639.umm',0,'problem'),(2615,260,'mmdump-f-0-0-1533.mm',0,'problem'),(2616,260,'mmdump-f-0-0-1533.umm',0,'problem'),(2617,260,'mmdump-f-0-1-11387.mm',0,'problem'),(2618,260,'mmdump-f-0-1-11387.umm',0,'problem'),(2619,261,'mmdump-c-0-0-110.mm',0,'problem'),(2620,261,'mmdump-c-0-0-110.umm',0,'problem'),(2621,261,'mmdump-c-0-1-639.mm',0,'problem'),(2622,261,'mmdump-c-0-1-639.umm',0,'problem'),(2623,261,'mmdump-f-0-0-1533.mm',0,'problem'),(2624,261,'mmdump-f-0-0-1533.umm',0,'problem'),(2625,261,'mmdump-f-0-1-11387.mm',0,'problem'),(2626,261,'mmdump-f-0-1-11387.umm',0,'problem'),(2627,262,'mmdump-c-0-0-110.mm',0,'problem'),(2628,262,'mmdump-c-0-0-110.umm',0,'problem'),(2629,262,'mmdump-c-0-1-639.mm',0,'problem'),(2630,262,'mmdump-c-0-1-639.umm',0,'problem'),(2631,262,'mmdump-f-0-0-1533.mm',0,'problem'),(2632,262,'mmdump-f-0-0-1533.umm',0,'problem'),(2633,262,'mmdump-f-0-1-11387.mm',0,'problem'),(2634,262,'mmdump-f-0-1-11387.umm',0,'problem'),(2635,263,'mmdump-c-0-0-110.mm',0,'problem'),(2636,263,'mmdump-c-0-0-110.umm',0,'problem'),(2637,263,'mmdump-c-0-1-639.mm',0,'problem'),(2638,263,'mmdump-c-0-1-639.umm',0,'problem'),(2639,263,'mmdump-f-0-0-1533.mm',0,'problem'),(2640,263,'mmdump-f-0-0-1533.umm',0,'problem'),(2641,263,'mmdump-f-0-1-11387.mm',0,'problem'),(2642,263,'mmdump-f-0-1-11387.umm',0,'problem'),(2643,264,'mmdump-c-0-0-110.mm',0,'problem'),(2644,264,'mmdump-c-0-0-110.umm',0,'problem'),(2645,264,'mmdump-c-0-1-639.mm',0,'problem'),(2646,264,'mmdump-c-0-1-639.umm',0,'problem'),(2647,264,'mmdump-f-0-0-1533.mm',0,'problem'),(2648,264,'mmdump-f-0-0-1533.umm',0,'problem'),(2649,264,'mmdump-f-0-1-11387.mm',0,'problem'),(2650,264,'mmdump-f-0-1-11387.umm',0,'problem'),(2651,265,'mmdump-c-0-0-110.mm',0,'problem'),(2652,265,'mmdump-c-0-0-110.umm',0,'problem'),(2653,265,'mmdump-c-0-1-639.mm',0,'problem'),(2654,265,'mmdump-c-0-1-639.umm',0,'problem'),(2655,265,'mmdump-f-0-0-1533.mm',0,'problem'),(2656,265,'mmdump-f-0-0-1533.umm',0,'problem'),(2657,265,'mmdump-f-0-1-11387.mm',0,'problem'),(2658,265,'mmdump-f-0-1-11387.umm',0,'problem'),(2659,266,'mmdump-c-0-0-110.mm',0,'problem'),(2660,266,'mmdump-c-0-0-110.umm',0,'problem'),(2661,266,'mmdump-c-0-1-609.mm',0,'problem'),(2662,266,'mmdump-c-0-1-609.umm',0,'problem'),(2663,266,'mmdump-f-0-0-609.mm',0,'problem'),(2664,266,'mmdump-f-0-0-609.umm',0,'problem'),(2665,266,'mmdump-f-0-1-3953.mm',0,'problem'),(2666,266,'mmdump-f-0-1-3953.umm',0,'problem'),(2667,267,'mmdump-c-0-0-110.mm',0,'problem'),(2668,267,'mmdump-c-0-0-110.umm',0,'problem'),(2669,267,'mmdump-c-0-1-609.mm',0,'problem'),(2670,267,'mmdump-c-0-1-609.umm',0,'problem'),(2671,267,'mmdump-f-0-0-609.mm',0,'problem'),(2672,267,'mmdump-f-0-0-609.umm',0,'problem'),(2673,267,'mmdump-f-0-1-3953.mm',0,'problem'),(2674,267,'mmdump-f-0-1-3953.umm',0,'problem'),(2675,268,'mmdump-c-0-0-609.mm',0,'problem'),(2676,268,'mmdump-c-0-0-609.umm',0,'problem'),(2677,268,'mmdump-c-0-1-1954.mm',0,'problem'),(2678,268,'mmdump-c-0-1-1954.umm',0,'problem'),(2679,268,'mmdump-f-0-0-3953.mm',0,'problem'),(2680,268,'mmdump-f-0-0-3953.umm',0,'problem'),(2681,268,'mmdump-f-0-1-14233.mm',0,'problem'),(2682,268,'mmdump-f-0-1-14233.umm',0,'problem'),(2683,269,'mmdump-c-0-0-110.mm',0,'problem'),(2684,269,'mmdump-c-0-0-110.umm',0,'problem'),(2685,269,'mmdump-c-0-1-639.mm',0,'problem'),(2686,269,'mmdump-c-0-1-639.umm',0,'problem'),(2687,269,'mmdump-c-0-2-1162.mm',0,'problem'),(2688,269,'mmdump-c-0-2-1162.umm',0,'problem'),(2689,269,'mmdump-f-0-0-1533.mm',0,'problem'),(2690,269,'mmdump-f-0-0-1533.umm',0,'problem'),(2691,269,'mmdump-f-0-1-11387.mm',0,'problem'),(2692,269,'mmdump-f-0-1-11387.umm',0,'problem'),(2693,269,'mmdump-f-0-2-24109.mm',0,'problem'),(2694,269,'mmdump-f-0-2-24109.umm',0,'problem'),(2695,273,'fill.ptc',0,'problem'),(2696,274,'fill.ptc',0,'problem'),(2697,275,'fill.ptc',0,'problem'),(2698,278,'fill.ptc',0,'problem'),(2699,278,'fill.sql',0,'problem'),(2700,278,'fill.stats',0,'problem'),(2701,278,'stats',0,'problem'),(2702,279,'fill.ptc',0,'problem'),(2703,279,'fill.sql',0,'problem'),(2704,279,'fill.stats',0,'problem'),(2705,279,'stats',0,'problem'),(2706,280,'fill.ptc',0,'problem'),(2707,280,'fill.sql',0,'problem'),(2708,280,'fill.stats',0,'problem'),(2709,280,'stats',0,'problem'),(2710,281,'fill.ptc',0,'problem'),(2711,281,'fill.sql',0,'problem'),(2712,281,'fill.stats',0,'problem'),(2713,281,'stats',0,'problem'),(2714,282,'fill.ptc',0,'problem'),(2715,282,'fill.sql',0,'problem'),(2716,282,'fill.stats',0,'problem'),(2717,282,'stats',0,'problem'),(2718,283,'fill.ptc',0,'problem'),(2719,283,'fill.sql',0,'problem'),(2720,283,'fill.stats',0,'problem'),(2721,283,'stats',0,'problem'),(2722,284,'fill.ptc',0,'problem'),(2723,284,'fill.sql',0,'problem'),(2724,284,'fill.stats',0,'problem');
/*!40000 ALTER TABLE `file` ENABLE KEYS */;
UNLOCK TABLES;

--
-- Table structure for table `filetype`
--

DROP TABLE IF EXISTS `filetype`;
/*!40101 SET @saved_cs_client     = @@character_set_client */;
/*!40101 SET character_set_client = utf8 */;
CREATE TABLE `filetype` (
  `id` int(10) unsigned NOT NULL auto_increment,
  `name` varchar(45) collate utf8_unicode_ci default NULL,
  `ext` varchar(10) collate utf8_unicode_ci default NULL,
  PRIMARY KEY  (`id`),
  UNIQUE KEY `ext` (`ext`)
) ENGINE=InnoDB AUTO_INCREMENT=4 DEFAULT CHARSET=utf8 COLLATE=utf8_unicode_ci;
/*!40101 SET character_set_client = @saved_cs_client */;

--
-- Dumping data for table `filetype`
--

LOCK TABLES `filetype` WRITE;
/*!40000 ALTER TABLE `filetype` DISABLE KEYS */;
INSERT INTO `filetype` VALUES (1,'Unknown',NULL),(2,'MatrixMarket','mtx'),(3,'PETSc','ptc');
/*!40000 ALTER TABLE `filetype` ENABLE KEYS */;
UNLOCK TABLES;

--
-- Table structure for table `generator`
--

DROP TABLE IF EXISTS `generator`;
/*!40101 SET @saved_cs_client     = @@character_set_client */;
/*!40101 SET character_set_client = utf8 */;
CREATE TABLE `generator` (
  `id` int(10) unsigned NOT NULL auto_increment,
  `script` varchar(100) collate utf8_unicode_ci default NULL,
  `name` varchar(45) collate utf8_unicode_ci default NULL,
  `description` text collate utf8_unicode_ci,
  `generatortype_id` int(10) unsigned default NULL,
  `collection_id` int(10) unsigned default NULL,
  `disabled` tinyint(1) NOT NULL default '0',
  PRIMARY KEY  (`id`)
) ENGINE=InnoDB AUTO_INCREMENT=263 DEFAULT CHARSET=utf8 COLLATE=utf8_unicode_ci;
/*!40101 SET character_set_client = @saved_cs_client */;

--
-- Dumping data for table `generator`
--

LOCK TABLES `generator` WRITE;
/*!40000 ALTER TABLE `generator` DISABLE KEYS */;
INSERT INTO `generator` VALUES (79,'','Laplace FEM Generator','<a href=\"Images/libMesh/holey.png\"><img src=\"Images/libMesh/holey.png\" width=\"350\"></a>\n<br />\n(Above: Picture of a Laplacian solution on a domain with holes)',0,14,0),(80,'','Navier-Stokes FEM Generator','\n\n<p class=MsoNormal>The Navier-Stokes generator solves the problem</p>\n\n<br>\n<img src=\"Images/libMesh/eq0000M.gif\">\n<br>\n<img src=\"Images/libMesh/eq0001M.gif\">',0,14,1),(153,'','Acoustic Wave','		    <span>\r\n		    Constructs the matrix polynomial lambda^2*M + lambda*D + K that arises from\r\n		    the discretization by finite elements of a two-dimensional acoustic\r\n		    wave equation. The coefficient matrices are N-by-N with\r\n		    N = N1*(N1-1), H  = 1/N1 being the mesh size.  The damping matrix has the\r\n		    form Z^(-1)*D, where D is a low rank real symmetric matrix and\r\n		    the scalar parameter Z is the impedance (possibly complex).\r\n		    The default values are N1 = 6 (N = 30) and Z = 1.\r\n		    The matrices are returned in a cell array: COEFFS = {K, D, M};\r\n	   	    This problem has the properties pep, qep, real symmetric,\r\n		    parameter-dependent, scalable.\r\n		    </span>\r\n		    <span style=\"margin-top:2em; display:block;\">\r\n		    Reference:\r\n		    F. Chaitin-Chatelin and M. B. van Gijzen, Analysis of parameterized\r\n		    quadratic eigenvalue problems in computational acoustics with homotopic\r\n		    deviation theory, Numer. Linear Algebra Appl. 13 (2006), pp. 487--512</span>',0,16,0),(154,'','Bicycle','	        <span>\r\n	        Constructs a 2-by-2 quadratic matrix\r\n	        polynomial lambda^2*M + lambda*v*C + K0 + v^2*K2 arising in the\r\n	        study of the dynamic behaviour of a bicycle.\r\n	        v (default 5) is the forward speed in m/s.\r\n	        The matrices are returned in a cell array: COEFFS = {K, C, M}.\r\n	        This problem has the properties pep, qep, real, parameter_dependent.\r\n		</span>\r\n		    <span style=\"margin-top:2em; display:block;\">\r\n	        Reference:\r\n	        J. P. Meijaard, J. M. Papadopoulos, A. Ruina and A. L. Schwab, Linearized\r\n	        dynamics equations for the balance and steer of a bycicle: a benchmark\r\n		and review, Proc. Roy. Soc. London Ser. A, 463(2084):1955-1982, 2007.\r\n		</span>',0,16,0),(155,'','Bilby','		  <span>\r\n		  5-by-5 QEP from Bilby population model.\r\n		  Constructs a 5-by-5 quadratic matrix\r\n		  polynomial lambda^2*A + lambda*B + C arising in a\r\n		  quasi-birth-death process model of the population of the greater bilby,\r\n		  an endangered Australian marsupial.  A and C are both singular.\r\n		  BETA is a parameter (default: 0.5).		  \r\n		  This problem has the properties pep, qep, real, parameter-dependent.\r\n		  </span>\r\n		  \r\n		  		    <span style=\"margin-top:2em; display:block;\">\r\n		  Reference:\r\n		  N. J. Higham and H.-M. Kim, Numerical analysis of a quadratic\r\n		  matrix equation, IMA J. Numer. Anal., 20(4): 499-519, 2000.\r\n		  </span>',0,16,0),(156,'','Butterfly','		  <span>\r\n		  Quartic matrix polynomial with T-even structure.\r\n		  COEFFS = NLEVP(\'butterfly\',M,C) generates the coefficient matrices of a\r\n		  M^2-by-M^2 quartic matrix polynomial\r\n		  P(\\lambda) = lambda^4*A_4 + lambda^2*A_3 +  lambda^2*A_2 + lambda*A_1 + A_0\r\n		  for which A_4 and A_2 are real and symmetric and\r\n		  A_3 and A_1 are real and skew-symmetric (assuming C is real).\r\n		  The spectrum has a butterfly shape.\r\n		  The default is M = 8.  C is an 10-by-1 vector of parameters.\r\n		  The matrices are returned in a cell array: COEFFS = {A0, A1, A2, A3, A4}.\r\n		  This problem has the properties pep, real, parameter-dependent, T-even,\r\n		  scalable.\r\n		  </span>\r\n		  \r\n		    <span style=\"margin-top:2em; display:block;\">\r\n	          Reference:\r\n		  V. Mehrmann and D. Watkins. Polynomial eigenvalue problems with\r\n		  Hamiltonian structure. Electron. Trans. Numer. Anal., 13:106-118, 2002.\r\n		  </span>',0,16,0),(157,'','CD Player','	    <span>\r\n	    QEP from model of CD player.\r\n	    Constructs a 60-by-60 quadratic matrix\r\n	    polynomial lambda^2*M + lambda*D + K arising in the\r\n	    study of a CD player control task.\r\n	    The matrices are returned in a cell array: COEFFS = {K, D, M}.\r\n	    This problem has the properties pep, qep, real.\r\n	    </span>\r\n		    <span style=\"margin-top:2em; display:block;\">\r\n	    Reference:\r\n	    Y. Chahlaoui and P. M. Van Dooren. A collection of benchmark examples\r\n	    for model reduction of linear time invariant dynamical systems.\r\n	    MIMS EPrint 2008.22, Manchester Institute for Mathematical Sciences,\r\n	    The University of Manchester, UK, 2002.\r\n	    </span>',0,16,0),(158,'','Closed Loop','		  <span>\r\n		  2-by-2 QEP associated with closed-loop control system.\r\n		  Constructs a 2-by-2 quadratic\r\n		  matrix polynomial lambda^2*A2 + lambda*A1 + A0 associated with a\r\n		  closed-loop control system with feedback gains 1 and 1+ALPHA.\r\n		  For 0 < ALPHA < 0.875 all eigenvalues lie inside the unit disc.\r\n		  The default is ALPHA = 1. The matrices are returned in a cell array:\r\n		  COEFFS = {A0, A1, A2}.\r\n		  This problem has the properties pep, qep, real, parameter_dependent.\r\n		  </span>\r\n\r\n		    <span style=\"margin-top:2em; display:block;\">\r\n		  Reference:\r\n		  Francoise Tisseur and Nicholas J. Higham. Structured pseudospectra for\r\n		  polynomial eigenvalue problems, with applications. SIAM J. Matrix\r\n		  Anal. Appl., 23(1):187-208, 2001.\r\n		  </span>',0,16,0),(159,'','Concrete','	     <span>\r\n	           Sparse QEP from model of a concrete structure.\r\n	           COEFFS = NLEVP(\'concrete\',mu) generates the coefficient matrices of a\r\n	           quadratic matrix polynomial lambda^2*C + lambda*B + A arising in a\r\n                   model of a concrete structure supporting a machine assembly.\r\n	           This problem is complex symmetric and has dimension 2472.\r\n	           The matrices are sparse.\r\n	           <ul>\r\n		   <li>C = mass matrix, real diagonal, low rank.\r\n		   <li>B = viscous damping matrix, purely imaginary\r\n		       and diagonal, B = i*C_v, low rank.\r\n		   <li>A = stiffness + uniform hysteretic damping\r\n		       matrix, A = (1 + i*mu)*K, mu = 0.04.\r\n		   </ul>\r\n		   This problem has the properties pep, qep, symmetric, parameter-dependent,\r\n		   sparse.\r\n	    </span>\r\n		    <span style=\"margin-top:2em; display:block;\">\r\n	    Reference:\r\n              	   A. Feriani, F. Perotti and V. Simoncini,\r\n		   Iterative system solvers for the frequency analysis of\r\n		   linear mechanical systems,\r\n		   Computer Methods in Appl. Mech. Eng., 190 (2000) pp. 1719-1739.\r\n	    </span>',0,16,0),(160,'','Damped Beam','		\r\n		  <span>\r\n		  QEP from simply supported beam damped in the middle.\r\n		  COEFFS = NLEVP(\'damped_beam\',NELE) constructs an N-by-N (N = 2*NELE)\r\n		  quadratic matrix polynomial lambda^2*M + lambda*D + K from a finite\r\n		  element model of a beam clamped at both ends with a damper in the middle.\r\n		  NELE (default NELE = 100) is the number of finite elements (even).\r\n		  Half of the eigenvalues of the problem are pure imaginary\r\n		  and are eigenvalues of the undamped problem (D = 0).\r\n		  The matrices are returned in a cell array: COEFFS = {K, D, M}.\r\n		  This problem has the properties pep, qep, real, symmetric, scalable.\r\n		  </span>		    <span style=\"margin-top:2em; display:block;\">\r\n		  Reference:\r\n      		  N. J. Higham, D. S. Mackey, F. Tisseur and S. D. Garvey.\r\n		  Scaling, sensitivity and stability in the numerical solution of\r\n		  quadratic eigenvalue problems. Internat. J. Numer. Methods Eng.,\r\n		  73(3):344-360, 2008.\r\n		  </span>',0,16,0),(161,'','Dirac','		  <span>\r\n		  Generates the coefficient matrices of a quadratic matrix polynomial lambda^2*A + lambda*B + C of dimension\r\n		  N + M.  The spectrum\r\n		  of this matrix polynomial is the second order spectrum of the\r\n		  Dirac operator with an electric Coulombic potential,\r\n		  relative to the subspace generated by the Hermite functions of odd order.\r\n		  The potential is attractive and of strength ALPHA where\r\n		  -SQRT(3)/2 < ALPHA < 0.\r\n		  The constant KAPPA (which should be an integer) corresponds\r\n		  to a radially symmetric decomposition of the space into partial wave\r\n		  subspaces.  In this decomposition, the operator acts on\r\n		  L^2(0,\\infty)xL^2(0,\\infty). The matrix truncation is found by\r\n		  picking N Hermite functions in the first component and M in the second\r\n		  component. By default N = M = 40, KAPPA = -1, and ALPHA = -1/2.\r\n		  The matrices are returned in a cell array: COEFFS = {C, B, A}.\r\n		  This problem has the properties pep, qep, real, symmetric,\r\n		  parameter-dependent, scalable.\r\n		  </span>\r\n		  \r\n		 		    <span style=\"margin-top:2em; display:block;\">\r\n		  Reference:\r\n		  L. Boulton and N. Boussaid, On approximation of the eigenvalues of the\r\n		  Dirac operator, Preprint, 2008\r\n		  </span>\r\n',0,16,0),(162,'','Gun','	    <span>\r\n	    NEP from model of a radio-frequency gun cavity.\r\n	    Returns 9956-by-9956 matrices\r\n	    K, M, W1 and W2 for the nonlinear eigenvalue problem defined by\r\n	    T(lam)*x = [K-lam*M+i*lam^(1/2)*W1+i*(lam-108.8774^2)^(1/2)*W2]x = 0.\r\n	    The matrices are returned in a cell array: COEFFS = {K,M,W1,W2}.\r\n	    This problem has the properties nep, sparse.\r\n	      </span>		    <span style=\"margin-top:2em; display:block;\">\r\n	    References:\r\n	    Ben-Shan Liao, Subspace projection methods for model order reduction and\r\n	    nonlinear eigenvalue computation, Ph.D Thesis, Department of Mathematics,\r\n	      University of California at Davis, 2007\r\n	      </span>',0,16,0),(163,'','Hospital','	    <span>\r\n	    QEP from model of Los Angeles Hospital building.\r\n	    COEFFS = NLEVP(\'hospital\') constructs a 24-by-24 quadratic matrix\r\n	    polynomial lambda^2*M + lambda*D + K arising in a model of the\r\n	    Los Angeles University Hospital building.  There are 8 floors,\r\n	    each with 3 degrees of freedom.\r\n	    The matrices are returned in a cell array: COEFFS = {K, D, M}.\r\n	    This problem has the properties pep, qep, real.\r\n	     </span>		    <span style=\"margin-top:2em; display:block;\">\r\n	    Reference:\r\n	    Y. Chahlaoui and P. M. Van Dooren. A collection of benchmark examples\r\n	    for model reduction of linear time invariant dynamical systems.\r\n	    MIMS EPrint 2008.22, Manchester Institute for Mathematical Sciences,\r\n	    The University of Manchester, UK, 2002.\r\n	    </span>\r\n',0,16,0),(164,'','Loaded String','		  <span>\r\n		  REP from finite element model of a loaded vibrating string.\r\n		  COEFFS = NLEVP(\'loaded_string\',N,KAPPA) generates an N-by-N rational\r\n		  matrix function A - lambda*B + lambda/(lambda-sigma)*C with sigma = KAPPA/m\r\n		  arising in the finite element discretization of a boundary problem\r\n		  describing the eigenvibration of a string with a load of mass m\r\n		  attached by an elastic spring of stiffness KAPPA.\r\n		  The default values are N = 20, KAPPA = 1.\r\n		  The matrices are returned in a cell array: COEFFS = {A, B, C}.\r\n		  This problem has the properties rep, qep, real, symmetric,\r\n		  parameter_dependent, scalable.\r\n		   </span>		    <span style=\"margin-top:2em; display:block;\">\r\n		  Reference:\r\n		  S. I. Solov\"ev. Preconditioned iterative methods for a class of nonlinear\r\n                  eigenvalue problems. Linear Algebra Appl., 415 (2006), pp.210-229.\r\n                  </span>\r\n		  ',0,16,0),(165,'','MobileManipulator','	    <span>\r\n	      QEP from model of 2-dimensional 3-link mobile manipulator.\r\n	      Generates a 5x5 quadratic matrix\r\n	      polynomial lambda^2*M + lambda*D + K arising from the modelling as a\r\n	      time-invariant descriptor control system of a two-dimensional three-link\r\n	      mobile manipulator.\r\n	      The matrices are returned in a cell array: coeffs = {K, D, M}.\r\n	      This problem has the properties pep, qep, real.\r\n		</span>		    <span style=\"margin-top:2em; display:block;\">\r\n		References:\r\n	      R. Byers, C. He, and V. Mehrmann, Where is the Nearest\r\n	         Non-Regular Pencil?, Linear Algebra Appl., 285 (1998), pp. 81-105.\r\n	      N. J. Higham, and F. Tisseur, More on pseudospectra for polynomial\r\n	         eigenvalue problems and applications in control theory,\r\n	         Linear Algebra Appl., 351-352 (2002), pp. 435-453.\r\n		   </span>',0,16,0),(166,'','Orr Sommerfeld','		  <span>\r\n		  Quartic PEP arising from Orr-Sommerfeld equation.\r\n		  Returns the coefficients of\r\n		  an N-by-N quartic matrix polynomial\r\n		  P(lambda) = lambda^4*A4+lambda^3*A3+lambda^2*A2+ lambda*A1 + A0\r\n		  arising from the spatial stability analysis of the Orr-Sommerfeld equation.\r\n		  The parameter R is the Reynolds number of the problem and w the frequency.\r\n		  The default values are N = 64, R = 5772, W = 0.26943.\r\n		  The matrices are returned in a cell array: COEFFS = {A0, A1, A2, A3, A4}.\r\n		  This problem has the properties pep, parameter-dependent, scalable.\r\n		    </span><span style=\"margin-top:2em; display:block;\">\r\n		    Reference:\r\n		F. Tisseur and N. J. Higham, Structured Pseudospectra for\r\n		  Polynomial Eigenvalue Problems, with Applications,\r\n			       SIAM J. Matrix Anal. Appl., 23(1):187-208, 2001.\r\n			       </span>\r\n',0,16,0),(167,'','Power Plant','		  <span>\r\n		  POWER_PLANT   8-by-8 QEP from simplified nuclear power plant problem.\r\n		  Generates the matrices of an 8-by-8\r\n		  quadratic matrix polynomial lambda^2*M+lambda*D+K arising in the study of\r\n		  the dynamic behaviour of a nuclear power plant. The matrices D and M are\r\n		  real symmetric and K is defined as K = (1+i*mu)K0 with K0 real symmetric.\r\n		  The parameter MU describes hysteretic damping added to the model.\r\n		  The default value for MU is 0.2.\r\n		  The matrices are returned in a cell array: COEFFS = {K, D, M}.\r\n		  This problem has the properties pep, qep, symmetric, parameter_dependent.\r\n		    </span><span style=\"margin-top:2em; display:block;\">\r\n		    Reference:\r\n		T. Itoh, Damped vibration mode superposition method for dynamic response\r\n		  analysis, Earthquake Eng. Struct. Dyn. 2 (1973), pp. 45--57\r\n		  F. Tisseur and K. Meerbergen, The quadratic eigenvalue problem, SIAM\r\n		  Rev. 43 (2001), pp. 235--286\r\n		  </span>\r\n',0,16,0),(168,'','Query','No Information',0,16,0),(169,'','Railtrack','	    <span>\r\n	    QEP from study of vibration of rail tracks.\r\n	    Generates the coefficient matrices of the\r\n	    railtrack problem, a quadratic eigenvalue problem\r\n	    (lambda^2 C + lambda B + A)*x = 0,\r\n	    which models vibration of rail tracks under the excitation of high speed\r\n	    trains.  This problem is T-palindromic, i.e., C = A.\' and B = B.\',\r\n	    and has dimension 1005.\r\n	    The matrices are sparse and returned in a cell array: COEFFS = {A, B, C}.\r\n	    This problem has the properties pep, qep, t-palindromic, sparse.\r\n	      </span><span style=\"margin-top:2em; display:block;\">\r\n	      References:\r\n	   A. Hilliges. Numerische L\\\"osung von quadratischen Eigenwertproblemen\r\n	    mit Anwendung in der Schienendynamik. Master\'s thesis, TU Berlin, 2004.\r\n             Andreas Hilliges, Christian Mehl, and Volker Mehrmann. On the\r\n             solution of palindromic eigenvalue problems. In P. Neittaanmaki,\r\n           T. Rossi, S. Korotov, E. Onate, J. Periaux, and D. Knorzer,\r\n           editors, Proceedings of the European Congress on Computational\r\n          Methods in Applied Sciences and Engineering (ECCOMAS 2004),\r\n          Jyvaskyla, Finland, 2004.\r\n          http://www.mit.jyu.fi/eccomas2004/proceedings/proceed.html\r\n          D. Steven Mackey, Niloufer Mackey, Christian Mehl, and Volker Mehrmann.\r\n          Structured polynomial eigenvalue problems: Good vibrations from\r\n           good linearizations. SIAM J. Matrix Anal. Appl., 28(4):1029-1051, 2006.\r\n          </span>\r\n',0,16,0),(170,'','Schrodinger','	  <span>function coeffs = schrodinger(outputdir)\r\n	     QEP from Schrodinger operator.\r\n	     Generates the coefficient matrices of\r\n	     a quadratic matrix polynomial lambda^2*A + lambda*B + C of dimension\r\n	     1998.  The spectrum of this matrix polynomial is the second order\r\n	     spectrum of the Schrodinger operator with nonzero potential,\r\n	     relative to the subspace generated by fourth order Hermite elements\r\n	     on a uniform mesh on the interval [-49,49].\r\n	     The matrices are returned in a cell array: COEFFS = {C, B, A}.\r\n	     This problem has the properties pep, qep, real, symmetric, sparse.\r\n	       </span><span style=\"margin-top:2em; display:block;\">\r\n	       Reference:\r\n	  L. Boulton and M. Levitin, On approximation of the eigenvalues of\r\n	    perturbed periodic Schroedinger operators, J. Phys. A: Math. Theor. 40\r\n	    (2007), pp. 9319--9329\r\n	     </span>',0,16,0),(175,'','Wing','	    <p>\n	    QEP from analysis of oscillations of a wing in an airstream.\n	      COEFFS = NLEVP(\'wing\') generates a 3x3 quadratic matrix\n	      polynomial Q(lambda) = lambda^2*A2 + lambda*A1 + A0 arising from\n	      the analysis of the oscillations of a wing in an airstream.\n	      The matrices are returned in a cell array: COEFFS = {A0, A1, A2}.\n	      This problem has the properties pep, qep, real.\n		 </p><p>\n	      References:\n	      R. A. Frazer, W. J. Duncan, and A. R. Collar, Elementary Matrices\n	         and Some Applications to Dynamics and Differential Equations,\n	         Cambridge University Press, tenth ed., 1938.  1963 printing.\n	      P. Lancaster, Lambda-Matrices and Vibrating Systems, Pergamon Press,\n	         Oxford, 1966, xiii+196 pp. Reprinted by Dover, New York, 2002.\n	      F. Tisseur and N. J. Higham, Structured Pseudospectra for Polynomial\n	         Eigenvalue Problems, with Applications, SIAM J. Matrix Anal. Appl.,\n	         23(1):187-208, 2001\n		    </p>',0,16,0),(177,'','Acoustic Wave','No Information',0,15,0),(178,'','Bicycle','No Information',0,15,0),(180,'','Butterfly','No Information',0,15,0),(181,'','CD Player','No Information',0,15,0),(182,'','Closed Loop','No Information',0,15,0),(183,'','Concrete','No Information',0,15,0),(184,'','Damped Beam','No Information',0,15,0),(185,'','Dirac','No Information',0,15,0),(186,'','Gun','No Information',0,15,0),(187,'','Hospital','No Information',0,15,0),(188,'','Loaded String','No Information',0,15,0),(189,'','MobileManpiulator','No Information',0,15,0),(190,'','Orr Sommerfeld','No Information',0,15,0),(191,'','Power Plant','No Information',0,15,0),(192,'','Query','No Information',0,15,0),(193,'','Railtrack','No Information',0,15,0),(194,'','Schrodinger','No Information',0,15,0),(195,'','Sign','No Information',0,15,0),(196,'','Sleeper','No Information',0,15,0),(197,'','SpringDashpot','No Information',0,15,0),(198,'','String','No Information',0,15,0),(199,'','Wing','No Information',0,15,0),(200,'','Wiresaw','No Information',0,15,0),(206,'','Augmented system matrix','	        <p>\n	        Constructs a 2-by-2 quadratic matrix\n	        polynomial lambda^2*M + lambda*v*C + K0 + v^2*K2 arising in the\n	        study of the dynamic behaviour of a bicycle.\n	        v (default 5) is the forward speed in m/s.\n	        The matrices are returned in a cell array: COEFFS = {K, C, M}.\n	        This problem has the properties pep, qep, real, parameter_dependent.\n		</p>\n		<p>\n	        Reference:\n	        J. P. Meijaard, J. M. Papadopoulos, A. Ruina and A. L. Schwab, Linearized\n	        dynamics equations for the balance and steer of a bycicle: a benchmark\n		and review, Proc. Roy. Soc. London Ser. A, 463(2084):1955-1982, 2007.\n		</p>',0,19,1),(207,'','Gaussian Elimination Maximum Growth','Matrix giving maximal growth factor for Gaussian elimination\n%               with partial pivoting.',0,19,1),(208,'','Specified Jordan Canonical Form','	        <p>\n	        Constructs a 2-by-2 quadratic matrix\n	        polynomial lambda^2*M + lambda*v*C + K0 + v^2*K2 arising in the\n	        study of the dynamic behaviour of a bicycle.\n	        v (default 5) is the forward speed in m/s.\n	        The matrices are returned in a cell array: COEFFS = {K, C, M}.\n	        This problem has the properties pep, qep, real, parameter_dependent.\n		</p>\n		<p>\n	        Reference:\n	        J. P. Meijaard, J. M. Papadopoulos, A. Ruina and A. L. Schwab, Linearized\n	        dynamics equations for the balance and steer of a bycicle: a benchmark\n		and review, Proc. Roy. Soc. London Ser. A, 463(2084):1955-1982, 2007.\n		</p>',0,19,1),(209,'','Upper Quasi-triangular Matrix','	        <p>\n	        Constructs a 2-by-2 quadratic matrix\n	        polynomial lambda^2*M + lambda*v*C + K0 + v^2*K2 arising in the\n	        study of the dynamic behaviour of a bicycle.\n	        v (default 5) is the forward speed in m/s.\n	        The matrices are returned in a cell array: COEFFS = {K, C, M}.\n	        This problem has the properties pep, qep, real, parameter_dependent.\n		</p>\n		<p>\n	        Reference:\n	        J. P. Meijaard, J. M. Papadopoulos, A. Ruina and A. L. Schwab, Linearized\n	        dynamics equations for the balance and steer of a bycicle: a benchmark\n		and review, Proc. Roy. Soc. London Ser. A, 463(2084):1955-1982, 2007.\n		</p>',0,19,1),(210,'','Vandermonde matrix','	        <p>\n	        Constructs a 2-by-2 quadratic matrix\n	        polynomial lambda^2*M + lambda*v*C + K0 + v^2*K2 arising in the\n	        study of the dynamic behaviour of a bicycle.\n	        v (default 5) is the forward speed in m/s.\n	        The matrices are returned in a cell array: COEFFS = {K, C, M}.\n	        This problem has the properties pep, qep, real, parameter_dependent.\n		</p>\n		<p>\n	        Reference:\n	        J. P. Meijaard, J. M. Papadopoulos, A. Ruina and A. L. Schwab, Linearized\n	        dynamics equations for the balance and steer of a bycicle: a benchmark\n		and review, Proc. Roy. Soc. London Ser. A, 463(2084):1955-1982, 2007.\n		</p>',0,19,1),(211,'','Vec-permutation Matrix','	        <p>\n	        Constructs a 2-by-2 quadratic matrix\n	        polynomial lambda^2*M + lambda*v*C + K0 + v^2*K2 arising in the\n	        study of the dynamic behaviour of a bicycle.\n	        v (default 5) is the forward speed in m/s.\n	        The matrices are returned in a cell array: COEFFS = {K, C, M}.\n	        This problem has the properties pep, qep, real, parameter_dependent.\n		</p>\n		<p>\n	        Reference:\n	        J. P. Meijaard, J. M. Papadopoulos, A. Ruina and A. L. Schwab, Linearized\n	        dynamics equations for the balance and steer of a bycicle: a benchmark\n		and review, Proc. Roy. Soc. London Ser. A, 463(2084):1955-1982, 2007.\n		</p>',0,19,1),(217,'','MGF Convection-Diffusion','No Information',0,22,0),(218,'','MGF Time Dependent Convection Diffusion','No Information',0,22,0),(219,'/opt/apps/Defiant3.1/rundefiant.py','Defiant Demo','A demonstration of the defiant toolkit. The sample problem has a single producer and a single injector, at opposite corners of a 3D brick domain. \n<br>\nThe equations for water and oil saturation and pressure:\n<br>\n<img src=\"Images/Defiant/water.png\">\n<br>\n<img src=\"Images/Defiant/oil.png\">\n<br>\nare coupled through <img src=\"Images/Defiant/Sw.png\"> and  <img src=\"Images/Defiant/Pw.png\">. \n<br>\nCombining these equations gives a Poisson equation for the pressure in each time step.',0,23,0),(220,'/opt/apps/hp3d_dump/hp3dj/run_hp3d_fichera1.py','Fichera1','None',0,17,0),(221,'/opt/apps/hp3d_dump/hp3dj/run_hp3d_fichera1.py','Fichera2','None',0,17,0),(222,'/opt/apps/hp3d_dump/hp3dj/run_hp3d_fichera3.py','Fichera3','None',0,17,0),(223,'','Shock','None',0,17,0),(224,'','Acoustic Wave','		    <p>\n		    Constructs the matrix polynomial lambda^2*M + lambda*D + K that arises from\n		    the discretization by finite elements of a two-dimensional acoustic\n		    wave equation. The coefficient matrices are N-by-N with\n		    N = N1*(N1-1), H  = 1/N1 being the mesh size.  The damping matrix has the\n		    form Z^(-1)*D, where D is a low rank real symmetric matrix and\n		    the scalar parameter Z is the impedance (possibly complex).\n		    The default values are N1 = 6 (N = 30) and Z = 1.\n		    The matrices are returned in a cell array: COEFFS = {K, D, M};\n	   	    This problem has the properties pep, qep, real symmetric,\n		    parameter-dependent, scalable.\n		    </p>\n		    <p>\n		    Reference:\n		    F. Chaitin-Chatelin and M. B. van Gijzen, Analysis of parameterized\n		    quadratic eigenvalue problems in computational acoustics with homotopic\n		    deviation theory, Numer. Linear Algebra Appl. 13 (2006), pp. 487--512</p>',0,15,0),(225,'','Bicycle','	        <p>\n	        Constructs a 2-by-2 quadratic matrix\n	        polynomial lambda^2*M + lambda*v*C + K0 + v^2*K2 arising in the\n	        study of the dynamic behaviour of a bicycle.\n	        v (default 5) is the forward speed in m/s.\n	        The matrices are returned in a cell array: COEFFS = {K, C, M}.\n	        This problem has the properties pep, qep, real, parameter_dependent.\n		</p>\n		<p>\n	        Reference:\n	        J. P. Meijaard, J. M. Papadopoulos, A. Ruina and A. L. Schwab, Linearized\n	        dynamics equations for the balance and steer of a bycicle: a benchmark\n		and review, Proc. Roy. Soc. London Ser. A, 463(2084):1955-1982, 2007.\n		</p>',0,15,0),(226,'','Bilby','		  <p>\n		  5-by-5 QEP from Bilby population model.\n		  Constructs a 5-by-5 quadratic matrix\n		  polynomial lambda^2*A + lambda*B + C arising in a\n		  quasi-birth-death process model of the population of the greater bilby,\n		  an endangered Australian marsupial.  A and C are both singular.\n		  BETA is a parameter (default: 0.5).		  \n		  This problem has the properties pep, qep, real, parameter-dependent.\n		  </p>\n		  \n		  <p>\n		  Reference:\n		  N. J. Higham and H.-M. Kim, Numerical analysis of a quadratic\n		  matrix equation, IMA J. Numer. Anal., 20(4): 499-519, 2000.\n		  </p>',0,15,0),(227,'','CD Player','	    <p>\n	    QEP from model of CD player.\n	    Constructs a 60-by-60 quadratic matrix\n	    polynomial lambda^2*M + lambda*D + K arising in the\n	    study of a CD player control task.\n	    The matrices are returned in a cell array: COEFFS = {K, D, M}.\n	    This problem has the properties pep, qep, real.\n	    </p>\n	    <p>\n	    Reference:\n	    Y. Chahlaoui and P. M. Van Dooren. A collection of benchmark examples\n	    for model reduction of linear time invariant dynamical systems.\n	    MIMS EPrint 2008.22, Manchester Institute for Mathematical Sciences,\n	    The University of Manchester, UK, 2002.\n	    </p>',0,15,0),(228,'','Closed Loop','		  <p>\n		  2-by-2 QEP associated with closed-loop control system.\n		  Constructs a 2-by-2 quadratic\n		  matrix polynomial lambda^2*A2 + lambda*A1 + A0 associated with a\n		  closed-loop control system with feedback gains 1 and 1+ALPHA.\n		  For 0 < ALPHA < 0.875 all eigenvalues lie inside the unit disc.\n		  The default is ALPHA = 1. The matrices are returned in a cell array:\n		  COEFFS = {A0, A1, A2}.\n		  This problem has the properties pep, qep, real, parameter_dependent.\n		  </p>\n\n		  <p>\n		  Reference:\n		  Francoise Tisseur and Nicholas J. Higham. Structured pseudospectra for\n		  polynomial eigenvalue problems, with applications. SIAM J. Matrix\n		  Anal. Appl., 23(1):187-208, 2001.\n		  </p>',0,15,0),(230,'','Gun','	    <p>\n	    NEP from model of a radio-frequency gun cavity.\n	    Returns 9956-by-9956 matrices\n	    K, M, W1 and W2 for the nonlinear eigenvalue problem defined by\n	    T(lam)*x = [K-lam*M+i*lam^(1/2)*W1+i*(lam-108.8774^2)^(1/2)*W2]x = 0.\n	    The matrices are returned in a cell array: COEFFS = {K,M,W1,W2}.\n	    This problem has the properties nep, sparse.\n	      </p><p>\n	    References:\n	    Ben-Shan Liao, Subspace projection methods for model order reduction and\n	    nonlinear eigenvalue computation, Ph.D Thesis, Department of Mathematics,\n	      University of California at Davis, 2007\n	      </p>',0,15,0),(231,'','MobileManpiulator','	    <p>\n	      QEP from model of 2-dimensional 3-link mobile manipulator.\n	      Generates a 5x5 quadratic matrix\n	      polynomial lambda^2*M + lambda*D + K arising from the modelling as a\n	      time-invariant descriptor control system of a two-dimensional three-link\n	      mobile manipulator.\n	      The matrices are returned in a cell array: coeffs = {K, D, M}.\n	      This problem has the properties pep, qep, real.\n		</p><p>\n		References:\n	      R. Byers, C. He, and V. Mehrmann, Where is the Nearest\n	         Non-Regular Pencil?, Linear Algebra Appl., 285 (1998), pp. 81-105.\n	      N. J. Higham, and F. Tisseur, More on pseudospectra for polynomial\n	         eigenvalue problems and applications in control theory,\n	         Linear Algebra Appl., 351-352 (2002), pp. 435-453.\n		   </p>',0,15,0),(232,'','Orr Sommerfeld','\n		  <p>\n		  Quartic PEP arising from Orr-Sommerfeld equation.\n		  Returns the coefficients of\n		  an N-by-N quartic matrix polynomial\n		  P(lambda) = lambda^4*A4+lambda^3*A3+lambda^2*A2+ lambda*A1 + A0\n		  arising from the spatial stability analysis of the Orr-Sommerfeld equation.\n		  The parameter R is the Reynolds number of the problem and w the frequency.\n		  The default values are N = 64, R = 5772, W = 0.26943.\n		  The matrices are returned in a cell array: COEFFS = {A0, A1, A2, A3, A4}.\n		  This problem has the properties pep, parameter-dependent, scalable.\n		    </p><p>\n		    Reference:\n		F. Tisseur and N. J. Higham, Structured Pseudospectra for\n		  Polynomial Eigenvalue Problems, with Applications,\n			       SIAM J. Matrix Anal. Appl., 23(1):187-208, 2001.\n			       </p>\n',0,15,0),(233,'','Power Plant','		  <p>\n		  POWER_PLANT   8-by-8 QEP from simplified nuclear power plant problem.\n		  Generates the matrices of an 8-by-8\n		  quadratic matrix polynomial lambda^2*M+lambda*D+K arising in the study of\n		  the dynamic behaviour of a nuclear power plant. The matrices D and M are\n		  real symmetric and K is defined as K = (1+i*mu)K0 with K0 real symmetric.\n		  The parameter MU describes hysteretic damping added to the model.\n		  The default value for MU is 0.2.\n		  The matrices are returned in a cell array: COEFFS = {K, D, M}.\n		  This problem has the properties pep, qep, symmetric, parameter_dependent.\n		    </p><p>\n		    Reference:\n		T. Itoh, Damped vibration mode superposition method for dynamic response\n		  analysis, Earthquake Eng. Struct. Dyn. 2 (1973), pp. 45--57\n		  F. Tisseur and K. Meerbergen, The quadratic eigenvalue problem, SIAM\n		  Rev. 43 (2001), pp. 235--286\n		  </p>\n',0,15,0),(234,'','Query','No Information',0,15,0),(235,'','Schrodinger','	  <p>function coeffs = schrodinger(outputdir)\n	     QEP from Schrodinger operator.\n	     Generates the coefficient matrices of\n	     a quadratic matrix polynomial lambda^2*A + lambda*B + C of dimension\n	     1998.  The spectrum of this matrix polynomial is the second order\n	     spectrum of the Schrodinger operator with nonzero potential,\n	     relative to the subspace generated by fourth order Hermite elements\n	     on a uniform mesh on the interval [-49,49].\n	     The matrices are returned in a cell array: COEFFS = {C, B, A}.\n	     This problem has the properties pep, qep, real, symmetric, sparse.\n	       </p><p>\n	       Reference:\n	  L. Boulton and M. Levitin, On approximation of the eigenvalues of\n	    perturbed periodic Schroedinger operators, J. Phys. A: Math. Theor. 40\n	    (2007), pp. 9319--9329\n	     </p>',0,15,0),(236,'','Sign','No Information',0,15,0),(237,'','Sleeper','No Information',0,15,0),(238,'','SpringDashpot','No Information',0,15,0),(239,'','String','No Information',0,15,0),(240,'','Wiresaw','No Information',0,15,0),(241,'/data/install/FEniCS/poisson.py','Poisson','<p>Generates the Poisson equation with a large singularity in the corner.</p>\n',0,24,0),(242,'/data/install/FEniCS/stokes.py','Stokes','<p>Generates a mixed fem system for the Stokes equation</p>',0,24,0),(259,'/opt/apps/vtest/fillone.py','FillOne',' \\[\n\\left(\\, \\sum_{k=1}^n a_k b_k \\right)^2 \\le\n\\left(\\, \\sum_{k=1}^n a_k^2 \\right) \\left(\\, \\sum_{k=1}^n b_k^2 \\right)\\]\n\n',0,27,0),(260,'/data/install/test/dump.py','Output Test','This generator is used for testing building facilities. It gives you a file containing the inputs you give it in JSON format. ',0,1,0),(261,'/bin/true','New_Generator','No Description',NULL,1,0),(262,'/bin/true','New_Generator','No Description',NULL,1,0);
/*!40000 ALTER TABLE `generator` ENABLE KEYS */;
UNLOCK TABLES;

--
-- Table structure for table `image`
--

DROP TABLE IF EXISTS `image`;
/*!40101 SET @saved_cs_client     = @@character_set_client */;
/*!40101 SET character_set_client = utf8 */;
CREATE TABLE `image` (
  `id` int(11) NOT NULL auto_increment,
  `resource_id` int(10) unsigned NOT NULL,
  `name` varchar(100) collate utf8_unicode_ci default NULL,
  `resource_type` enum('problem','generator','collection') collate utf8_unicode_ci NOT NULL,
  PRIMARY KEY  (`id`)
) ENGINE=MyISAM AUTO_INCREMENT=36 DEFAULT CHARSET=utf8 COLLATE=utf8_unicode_ci;
/*!40101 SET character_set_client = @saved_cs_client */;

--
-- Dumping data for table `image`
--

LOCK TABLES `image` WRITE;
/*!40000 ALTER TABLE `image` DISABLE KEYS */;
INSERT INTO `image` VALUES (30,178,'TxTPS.png','problem'),(32,247,'TxTPS.png','problem'),(33,219,'permeability.png','generator'),(34,23,'permeability.png','collection'),(35,261,'permeability.png','generator');
/*!40000 ALTER TABLE `image` ENABLE KEYS */;
UNLOCK TABLES;

--
-- Table structure for table `news`
--

DROP TABLE IF EXISTS `news`;
/*!40101 SET @saved_cs_client     = @@character_set_client */;
/*!40101 SET character_set_client = utf8 */;
CREATE TABLE `news` (
  `id` int(11) NOT NULL auto_increment,
  `timestamp` int(10) unsigned default NULL,
  `title` varchar(50) collate utf8_unicode_ci default NULL,
  `body` text collate utf8_unicode_ci,
  PRIMARY KEY  (`id`)
) ENGINE=MyISAM AUTO_INCREMENT=8 DEFAULT CHARSET=utf8 COLLATE=utf8_unicode_ci;
/*!40101 SET character_set_client = @saved_cs_client */;

--
-- Dumping data for table `news`
--

LOCK TABLES `news` WRITE;
/*!40000 ALTER TABLE `news` DISABLE KEYS */;
INSERT INTO `news` VALUES (6,1271696589,'Open for business!','The Texas Test Problem Server is now accepting customers.');
/*!40000 ALTER TABLE `news` ENABLE KEYS */;
UNLOCK TABLES;

--
-- Table structure for table `product`
--

DROP TABLE IF EXISTS `product`;
/*!40101 SET @saved_cs_client     = @@character_set_client */;
/*!40101 SET character_set_client = utf8 */;
CREATE TABLE `product` (
  `id` int(10) unsigned NOT NULL auto_increment,
  `identifier` varchar(6) collate utf8_unicode_ci default NULL,
  `status` varchar(100) collate utf8_unicode_ci default NULL,
  `generator_id` int(10) unsigned NOT NULL,
  `user_id` int(10) unsigned NOT NULL,
  `created` timestamp NULL default NULL,
  `error` tinyint(1) default NULL,
  `hold` tinyint(1) default NULL,
  `producttype_id` int(10) NOT NULL default '0',
  `arguments` text collate utf8_unicode_ci,
  `cmd` text collate utf8_unicode_ci,
  `description` tinytext collate utf8_unicode_ci,
  PRIMARY KEY  (`id`,`producttype_id`)
) ENGINE=InnoDB AUTO_INCREMENT=285 DEFAULT CHARSET=utf8 COLLATE=utf8_unicode_ci;
/*!40101 SET character_set_client = @saved_cs_client */;

--
-- Dumping data for table `product`
--

LOCK TABLES `product` WRITE;
/*!40000 ALTER TABLE `product` DISABLE KEYS */;
INSERT INTO `product` VALUES (152,'MzOt3D','built',259,7,'2011-03-10 23:21:37',NULL,NULL,0,'{\"n\":\"10\",\"v\":\"2.5\"}',NULL,NULL),(153,'mO20GE','built',259,7,'2011-03-10 23:21:51',NULL,NULL,0,'{\"n\":\"11\",\"v\":\"2.5\"}',NULL,NULL),(154,'uJo2mR','error',259,7,NULL,1,NULL,0,'{\"m\":\"10\",\"n\":\"11\"}',NULL,NULL),(155,'GThCZB','error',259,7,NULL,1,NULL,0,'{\"m\":\"10\",\"n\":\"11\"}',NULL,NULL),(156,'t1cWyz','built',259,7,'2011-03-17 18:59:30',NULL,NULL,0,'{\"m\":\"10\",\"n\":\"11\"}',NULL,NULL),(157,'i1R7XK','built',259,23,'2011-03-31 06:24:39',NULL,NULL,0,'{\"m\":\"10\",\"n\":\"11\"}',NULL,NULL),(158,'oAECWS','error',241,23,NULL,1,NULL,0,'{\"fem-family\":\"Lagrange\",\"element-order\":\"3\",\"refine-method\":\"adaptive\",\"refine-percent\":\"0.5\"}',NULL,NULL),(159,'lTSpq4','error',220,23,NULL,1,NULL,0,'{\"scheme\":\"H\",\"hp-min\":0,\"hp-max\":1,\"anisotropy-x\":0,\"anisotropy-y\":0,\"anisotropy-z\":0}',NULL,NULL),(160,'YnvEMw','built',259,23,'2011-04-29 07:17:52',NULL,NULL,0,'{\"m\":10,\"n\":11}',NULL,NULL),(161,'JHMAIo','built',259,23,'2011-04-29 07:28:16',NULL,NULL,0,'{\"m\":10,\"n\":11}',NULL,NULL),(162,'D495Jq','built',259,23,'2011-04-29 07:30:53',NULL,NULL,0,'{\"m\":10,\"n\":11}',NULL,NULL),(163,'ERPpwx','built',259,23,'2011-04-29 08:56:29',NULL,NULL,0,'{\"m\":\"10\",\"n\":\"11\"}',NULL,NULL),(164,'kd5X4B','built',259,23,'2011-04-29 08:59:32',NULL,NULL,0,'{\"m\":10,\"n\":11}',NULL,NULL),(165,'7ZSPHN','built',259,23,'2011-04-29 15:28:07',NULL,NULL,0,'{\"m\":10,\"n\":11}',NULL,NULL),(166,'5bpSX7','error',260,23,NULL,1,NULL,0,'{\"a\":\"DefaultA\"}',NULL,NULL),(167,'3aH5aS','error',260,23,NULL,1,NULL,0,'{\"a\":\"DefaultA\"}',NULL,NULL),(168,'Gul35g','error',260,23,NULL,1,NULL,0,'{\"a\":\"DefaultA\",\"b\":\"DefaultB\"}',NULL,NULL),(169,'qniX9J','error',260,23,NULL,1,NULL,0,'{\"a\":\"DefaultA\",\"b\":\"DefaultB\"}',NULL,NULL),(170,'zQpYHH','built',260,23,'2011-04-29 16:08:17',NULL,NULL,0,'{\"a\":\"DefaultA\",\"b\":\"DefaultB\"}',NULL,NULL),(171,'HlQSUY','built',260,23,'2011-04-29 16:37:08',NULL,NULL,0,'{\"a\":\"DefaultA\",\"b\":\"DefaultB\"}',NULL,NULL),(172,'QeCYRC','built',260,23,'2011-04-29 16:43:38',NULL,NULL,0,'{\"a\":\"DefaultA\",\"b\":\"DefaultB\"}',NULL,NULL),(173,'jKVhuh','error',220,7,NULL,1,NULL,0,'{\"scheme\":\"H\",\"hp-min\":0,\"hp-max\":4,\"anisotropy-x\":0,\"anisotropy-y\":0,\"anisotropy-z\":0}',NULL,NULL),(174,'rGJo1A','built',259,23,'2011-04-29 18:40:18',NULL,NULL,0,'{\"m\":10,\"n\":11}',NULL,NULL),(175,'k9yFnw','built',259,7,'2011-04-29 18:41:19',NULL,NULL,0,'{\"m\":10,\"n\":11}',NULL,NULL),(176,'Kub8hG','error',259,7,NULL,1,NULL,0,'{\"m\":12,\"n\":11}',NULL,NULL),(177,'crmxUi','built',259,7,'2011-04-29 18:56:57',NULL,NULL,0,'{\"m\":13,\"n\":11}',NULL,NULL),(178,'nbjWOO','built',260,23,'2011-05-06 10:58:53',NULL,NULL,0,'{\"a\":\"DefaultA\",\"b\":\"DefaultB\"}',NULL,NULL),(179,'B2odNh','error',219,7,NULL,1,NULL,0,'{\"da_grid_x\":20,\"da_grid_y\":20,\"da_grid_z\":20,\"seed_phi\":3454345,\"seed_k11\":56756756,\"seed_k22\":235759,\"seed_k33\":234656,\"seed_flowmask\":3222111,\"percentage_phi\":0.1,\"percentage_k11\":0.1,\"percentage_k22\":0.1,\"percentage_k33\":0.1,\"percentage_flowmask\":0.15,\"endtime\":2}',NULL,NULL),(180,'8Mzjly','error',219,7,NULL,1,NULL,0,'{\"da_grid_x\":\"20\",\"da_grid_y\":\"20\",\"da_grid_z\":\"20\",\"seed_phi\":\"3454345\",\"seed_k11\":\"56756756\",\"seed_k22\":\"235759\",\"seed_k33\":\"234656\",\"seed_flowmask\":\"3222111\",\"percentage_phi\":\"0.1\",\"percentage_k11\":\"0.1\",\"percentage_k22\":\"0.1\",\"percentage_k33\":\"0.1\",\"percentage_flowmask\":\"0.15\",\"endtime\":\"2\"}',NULL,NULL),(181,'CMNFwV','error',219,7,NULL,1,NULL,0,'{\"da_grid_x\":20,\"da_grid_y\":20,\"da_grid_z\":20,\"seed_phi\":3454345,\"seed_k11\":56756756,\"seed_k22\":235759,\"seed_k33\":234656,\"seed_flowmask\":3222111,\"percentage_phi\":0.1,\"percentage_k11\":0.1,\"percentage_k22\":0.1,\"percentage_k33\":0.1,\"percentage_flowmask\":0.15,\"endtime\":2}',NULL,NULL),(182,'08MaUY','error',219,7,NULL,1,NULL,0,'{\"da_grid_x\":20,\"da_grid_y\":20,\"da_grid_z\":20,\"seed_phi\":3454345,\"seed_k11\":56756756,\"seed_k22\":235759,\"seed_k33\":234656,\"seed_flowmask\":3222111,\"percentage_phi\":0.1,\"percentage_k11\":0.1,\"percentage_k22\":0.1,\"percentage_k33\":0.1,\"percentage_flowmask\":0.15,\"endtime\":2}',NULL,NULL),(183,'ArLfNm','error',219,7,NULL,1,NULL,0,'{\"da_grid_x\":20,\"da_grid_y\":20,\"da_grid_z\":20,\"seed_phi\":3454345,\"seed_k11\":56756756,\"seed_k22\":235759,\"seed_k33\":234656,\"seed_flowmask\":3222111,\"percentage_phi\":0.1,\"percentage_k11\":0.1,\"percentage_k22\":0.1,\"percentage_k33\":0.1,\"percentage_flowmask\":0.15,\"endtime\":2}',NULL,NULL),(184,'BKGVx3','built',219,7,'2011-05-12 20:56:43',NULL,NULL,0,'{\"da_grid_x\":20,\"da_grid_y\":20,\"da_grid_z\":20,\"seed_phi\":3454345,\"seed_k11\":56756756,\"seed_k22\":235759,\"seed_k33\":234656,\"seed_flowmask\":3222111,\"percentage_phi\":0.1,\"percentage_k11\":0.1,\"percentage_k22\":0.1,\"percentage_k33\":0.1,\"percentage_flowmask\":0.15,\"endtime\":2}',NULL,NULL),(185,'DG18Dh','built',219,7,'2011-05-12 20:59:19',NULL,NULL,0,'{\"da_grid_x\":20,\"da_grid_y\":20,\"da_grid_z\":20,\"seed_phi\":3454345,\"seed_k11\":56756756,\"seed_k22\":235759,\"seed_k33\":234656,\"seed_flowmask\":3222111,\"percentage_phi\":0.1,\"percentage_k11\":0.1,\"percentage_k22\":0.1,\"percentage_k33\":0.1,\"percentage_flowmask\":0.15,\"endtime\":2}',NULL,NULL),(186,'YbJgxb','error',219,7,NULL,1,NULL,0,'{\"da_grid_x\":20,\"da_grid_y\":20,\"da_grid_z\":20,\"seed_phi\":3454345,\"seed_k11\":56756756,\"seed_k22\":235759,\"seed_k33\":234656,\"seed_flowmask\":3222111,\"percentage_phi\":0.1,\"percentage_k11\":0.1,\"percentage_k22\":0.1,\"percentage_k33\":0.1,\"percentage_flowmask\":0.15,\"endtime\":2}',NULL,NULL),(187,'y5OE4o','error',219,7,NULL,1,NULL,0,'{\"da_grid_x\":20,\"da_grid_y\":20,\"da_grid_z\":20,\"seed_phi\":3454345,\"seed_k11\":56756756,\"seed_k22\":235759,\"seed_k33\":234656,\"seed_flowmask\":3222111,\"percentage_phi\":0.1,\"percentage_k11\":0.1,\"percentage_k22\":0.1,\"percentage_k33\":0.1,\"percentage_flowmask\":0.15,\"endtime\":2}',NULL,NULL),(188,'4y8znV','error',80,23,NULL,1,NULL,0,'{\"nx\":10,\"ny\":120,\"Lx\":1200,\"Ly\":1200,\"xmin\":0,\"ymin\":0,\"fefamily\":\"LAGRANGE\",\"elementorder\":1,\"re\":2,\"do_solve\":\"9\",\"nz\":8}',NULL,NULL),(189,'zYGR1Z','built',259,23,'2011-05-13 05:53:57',NULL,NULL,0,'{\"m\":10,\"n\":11}',NULL,NULL),(190,'2Z8SPT','error',80,23,NULL,1,NULL,0,'{\"nx\":null,\"ny\":null,\"Lx\":null,\"Ly\":null,\"xmin\":null,\"ymin\":null,\"fefamily\":\"LAGRANGE\",\"elementorder\":null,\"re\":null,\"do_solve\":\"\",\"nz\":null}',NULL,NULL),(191,'Sw1YFm','error',219,7,NULL,1,NULL,0,'{\"da_grid_x\":20,\"da_grid_y\":20,\"da_grid_z\":20,\"seed_phi\":3454345,\"seed_k11\":56756756,\"seed_k22\":235759,\"seed_k33\":234656,\"seed_flowmask\":3222111,\"percentage_phi\":0.1,\"percentage_k11\":0.1,\"percentage_k22\":0.1,\"percentage_k33\":0.1,\"percentage_flowmask\":0.15,\"endtime\":2}',NULL,NULL),(192,'tFrT4V','error',219,23,NULL,1,NULL,0,'{\"da_grid_x\":20,\"da_grid_y\":20,\"da_grid_z\":20,\"seed_phi\":3454345,\"seed_k11\":56756756,\"seed_k22\":235759,\"seed_k33\":234656,\"seed_flowmask\":3222111,\"percentage_phi\":0.1,\"percentage_k11\":0.1,\"percentage_k22\":0.1,\"percentage_k33\":0.1,\"percentage_flowmask\":0.15,\"endtime\":2}',NULL,NULL),(193,'B42PhM','built',219,7,'2011-05-13 16:20:14',NULL,NULL,0,'{\"da_grid_x\":20,\"da_grid_y\":20,\"da_grid_z\":20,\"seed_phi\":3454345,\"seed_k11\":56756756,\"seed_k22\":235759,\"seed_k33\":234656,\"seed_flowmask\":3222111,\"percentage_phi\":0.1,\"percentage_k11\":0.1,\"percentage_k22\":0.1,\"percentage_k33\":0.1,\"percentage_flowmask\":0.15,\"endtime\":2}',NULL,NULL),(194,'GhQqp0','built',219,23,'2011-05-13 16:20:46',NULL,NULL,0,'{\"da_grid_x\":20,\"da_grid_y\":20,\"da_grid_z\":20,\"seed_phi\":3454345,\"seed_k11\":56756756,\"seed_k22\":235759,\"seed_k33\":234656,\"seed_flowmask\":3222111,\"percentage_phi\":0.1,\"percentage_k11\":0.1,\"percentage_k22\":0.1,\"percentage_k33\":0.1,\"percentage_flowmask\":0.15,\"endtime\":2}',NULL,NULL),(195,'0yqfAy','built',219,23,'2011-05-13 16:21:18',NULL,NULL,0,'{\"da_grid_x\":20,\"da_grid_y\":20,\"da_grid_z\":20,\"seed_phi\":3454345,\"seed_k11\":56756756,\"seed_k22\":235759,\"seed_k33\":234656,\"seed_flowmask\":3222111,\"percentage_phi\":0.1,\"percentage_k11\":0.1,\"percentage_k22\":0.1,\"percentage_k33\":0.1,\"percentage_flowmask\":0.15,\"endtime\":2}',NULL,NULL),(196,'xo6Esq','error',218,23,NULL,1,NULL,0,'{\"initial\":1,\"timesteps\":10,\"k\":1,\"vx\":1,\"vy\":0,\"vz\":0,\"numelx\":2,\"numely\":1,\"numelz\":1}',NULL,NULL),(197,'U8iv31','built',219,7,'2011-05-13 16:43:50',NULL,NULL,0,'{\"da_grid_x\":20,\"da_grid_y\":20,\"da_grid_z\":20,\"seed_phi\":3454345,\"seed_k11\":56756756,\"seed_k22\":235759,\"seed_k33\":234656,\"seed_flowmask\":3222111,\"percentage_phi\":0.1,\"percentage_k11\":0.1,\"percentage_k22\":0.1,\"percentage_k33\":0.1,\"percentage_flowmask\":0.15,\"endtime\":2}',NULL,NULL),(198,'8Sug2Q','built',219,7,'2011-05-13 19:26:25',NULL,NULL,0,'{\"da_grid_x\":20,\"da_grid_y\":20,\"da_grid_z\":20,\"seed_phi\":3454345,\"seed_k11\":56756756,\"seed_k22\":235759,\"seed_k33\":234656,\"seed_flowmask\":3222111,\"percentage_phi\":0.1,\"percentage_k11\":0.1,\"percentage_k22\":0.1,\"percentage_k33\":0.1,\"percentage_flowmask\":0.15,\"endtime\":2}',NULL,NULL),(199,'5xKGbK','built',219,7,'2011-05-16 21:25:07',NULL,NULL,0,'{\"da_grid_x\":20,\"da_grid_y\":20,\"da_grid_z\":20,\"seed_phi\":3454345,\"seed_k11\":56756756,\"seed_k22\":235759,\"seed_k33\":234656,\"seed_flowmask\":3222111,\"percentage_phi\":0.1,\"percentage_k11\":0.1,\"percentage_k22\":0.1,\"percentage_k33\":0.1,\"percentage_flowmask\":0.15,\"endtime\":2}',NULL,NULL),(200,'g1zDQL','built',219,7,'2011-05-16 21:35:20',NULL,NULL,0,'{\"da_grid_x\":20,\"da_grid_y\":20,\"da_grid_z\":20,\"seed_phi\":3454345,\"seed_k11\":56756756,\"seed_k22\":235759,\"seed_k33\":234656,\"seed_flowmask\":3222111,\"percentage_phi\":0.1,\"percentage_k11\":0.1,\"percentage_k22\":0.1,\"percentage_k33\":0.1,\"percentage_flowmask\":0.15,\"endtime\":5}',NULL,NULL),(201,'k6YqUY','built',219,7,'2011-05-16 22:00:34',NULL,NULL,0,'{\"da_grid_x\":20,\"da_grid_y\":20,\"da_grid_z\":20,\"seed_phi\":3454345,\"seed_k11\":56756756,\"seed_k22\":235759,\"seed_k33\":234656,\"seed_flowmask\":3222111,\"percentage_phi\":0.1,\"percentage_k11\":0.1,\"percentage_k22\":0.1,\"percentage_k33\":0.1,\"percentage_flowmask\":0.15,\"endtime\":2}',NULL,NULL),(202,'dcSQfd','error',219,7,NULL,1,NULL,0,'{\"da_grid_x\":20,\"da_grid_y\":20,\"da_grid_z\":20,\"seed_phi\":3454345,\"seed_k11\":56756756,\"seed_k22\":235759,\"seed_k33\":234656,\"seed_flowmask\":3222111,\"percentage_phi\":0.1,\"percentage_k11\":0.1,\"percentage_k22\":0.1,\"percentage_k33\":0.1,\"percentage_flowmask\":0.15,\"endtime\":2}',NULL,NULL),(203,'mXRa4P','error',219,7,NULL,1,NULL,0,'{\"da_grid_x\":20,\"da_grid_y\":20,\"da_grid_z\":20,\"seed_phi\":3454345,\"seed_k11\":56756756,\"seed_k22\":235759,\"seed_k33\":234656,\"seed_flowmask\":3222111,\"percentage_phi\":0.1,\"percentage_k11\":0.1,\"percentage_k22\":0.1,\"percentage_k33\":0.1,\"percentage_flowmask\":0.15,\"endtime\":2}',NULL,NULL),(204,'ncMz7i','error',219,7,NULL,1,NULL,0,'{\"da_grid_x\":20,\"da_grid_y\":20,\"da_grid_z\":20,\"seed_phi\":3454345,\"seed_k11\":56756756,\"seed_k22\":235759,\"seed_k33\":234656,\"seed_flowmask\":3222111,\"percentage_phi\":0.1,\"percentage_k11\":0.1,\"percentage_k22\":0.1,\"percentage_k33\":0.1,\"percentage_flowmask\":0.15,\"endtime\":2}',NULL,NULL),(205,'9fLI9w','error',219,7,NULL,1,NULL,0,'{\"da_grid_x\":20,\"da_grid_y\":20,\"da_grid_z\":20,\"seed_phi\":3454345,\"seed_k11\":56756756,\"seed_k22\":235759,\"seed_k33\":234656,\"seed_flowmask\":3222111,\"percentage_phi\":0.1,\"percentage_k11\":0.1,\"percentage_k22\":0.1,\"percentage_k33\":0.1,\"percentage_flowmask\":0.15,\"endtime\":2}',NULL,NULL),(206,'M9qAzM','error',219,7,NULL,1,NULL,0,'{\"da_grid_x\":20,\"da_grid_y\":20,\"da_grid_z\":20,\"seed_phi\":3454345,\"seed_k11\":56756756,\"seed_k22\":235759,\"seed_k33\":234656,\"seed_flowmask\":3222111,\"percentage_phi\":0.1,\"percentage_k11\":0.1,\"percentage_k22\":0.1,\"percentage_k33\":0.1,\"percentage_flowmask\":0.15,\"endtime\":2}',NULL,NULL),(207,'DId3ET','error',219,7,NULL,1,NULL,0,'{\"da_grid_x\":20,\"da_grid_y\":20,\"da_grid_z\":20,\"seed_phi\":3454345,\"seed_k11\":56756756,\"seed_k22\":235759,\"seed_k33\":234656,\"seed_flowmask\":3222111,\"percentage_phi\":0.1,\"percentage_k11\":0.1,\"percentage_k22\":0.1,\"percentage_k33\":0.1,\"percentage_flowmask\":0.15,\"endtime\":2}',NULL,NULL),(208,'AjbhPp','built',219,7,'2011-05-16 23:04:17',NULL,NULL,0,'{\"da_grid_x\":20,\"da_grid_y\":20,\"da_grid_z\":20,\"seed_phi\":3454345,\"seed_k11\":56756756,\"seed_k22\":235759,\"seed_k33\":234656,\"seed_flowmask\":3222111,\"percentage_phi\":0.1,\"percentage_k11\":0.1,\"percentage_k22\":0.1,\"percentage_k33\":0.1,\"percentage_flowmask\":0.15,\"endtime\":2}',NULL,NULL),(209,'O9NA1m','built',219,7,'2011-05-16 23:11:39',NULL,NULL,0,'{\"da_grid_x\":20,\"da_grid_y\":20,\"da_grid_z\":20,\"seed_phi\":3454345,\"seed_k11\":56756756,\"seed_k22\":235759,\"seed_k33\":234656,\"seed_flowmask\":3222111,\"percentage_phi\":0.1,\"percentage_k11\":0.1,\"percentage_k22\":0.1,\"percentage_k33\":0.1,\"percentage_flowmask\":0.15,\"endtime\":2}',NULL,NULL),(210,'VAe7sy','error',219,7,NULL,1,NULL,0,'{\"da_grid_x\":20,\"da_grid_y\":20,\"da_grid_z\":20,\"seed_phi\":3454345,\"seed_k11\":56756756,\"seed_k22\":235759,\"seed_k33\":234656,\"seed_flowmask\":3222111,\"percentage_phi\":0.1,\"percentage_k11\":0.1,\"percentage_k22\":0.1,\"percentage_k33\":0.1,\"percentage_flowmask\":0.15,\"endtime\":2}',NULL,NULL),(211,'WmyhgS','built',219,7,'2011-05-16 23:18:30',NULL,NULL,0,'{\"da_grid_x\":20,\"da_grid_y\":20,\"da_grid_z\":20,\"seed_phi\":3454345,\"seed_k11\":56756756,\"seed_k22\":235759,\"seed_k33\":234656,\"seed_flowmask\":3222111,\"percentage_phi\":0.1,\"percentage_k11\":0.1,\"percentage_k22\":0.1,\"percentage_k33\":0.1,\"percentage_flowmask\":0.15,\"endtime\":2}',NULL,NULL),(212,'NDizwa','error',79,23,NULL,1,NULL,0,'{\"dimension\":\"3\",\"nx\":1,\"ny\":1,\"Lx\":1,\"Ly\":1,\"xmin\":0,\"ymin\":0,\"fefamily\":\"LAGRANGE\",\"elementorder\":2,\"hole_centers_x\":\"\",\"hole_centers_y\":\"\",\"hole_radii\":\"\",\"hole_npoints\":\"\",\"do_solve\":\"\",\"nz\":null}',NULL,NULL),(213,'0Zptik','error',79,23,NULL,1,NULL,0,'{\"dimension\":\"3\",\"nx\":1,\"ny\":1,\"Lx\":1,\"Ly\":1,\"xmin\":0,\"ymin\":0,\"fefamily\":\"LAGRANGE\",\"elementorder\":2,\"hole_centers_x\":\"\",\"hole_centers_y\":\"\",\"hole_radii\":\"\",\"hole_npoints\":\"\",\"do_solve\":\"\",\"nz\":null}',NULL,NULL),(214,'cJe2vp','error',79,23,NULL,1,NULL,0,'{\"dimension\":\"3\",\"nx\":1,\"ny\":1,\"Lx\":1,\"Ly\":1,\"xmin\":0,\"ymin\":0,\"fefamily\":\"LAGRANGE\",\"elementorder\":2,\"hole_centers_x\":\"\",\"hole_centers_y\":\"\",\"hole_radii\":\"\",\"hole_npoints\":\"\",\"do_solve\":\"\",\"nz\":null}',NULL,NULL),(215,'i1HWXD','error',79,23,NULL,1,NULL,0,'{\"dimension\":\"3\",\"nx\":1,\"ny\":1,\"Lx\":1,\"Ly\":1,\"xmin\":0,\"ymin\":0,\"fefamily\":\"LAGRANGE\",\"elementorder\":2,\"hole_centers_x\":\"\",\"hole_centers_y\":\"\",\"hole_radii\":\"\",\"hole_npoints\":\"\",\"do_solve\":\"\",\"nz\":null}',NULL,NULL),(216,'R5mF2U','error',79,23,NULL,1,NULL,0,'{\"dimension\":\"3\",\"nx\":1,\"ny\":1,\"Lx\":1,\"Ly\":1,\"xmin\":0,\"ymin\":0,\"fefamily\":\"LAGRANGE\",\"elementorder\":2,\"hole_centers_x\":\"\",\"hole_centers_y\":\"\",\"hole_radii\":\"\",\"hole_npoints\":\"\",\"do_solve\":\"\",\"nz\":null}',NULL,NULL),(217,'pBYGDJ','error',79,23,NULL,1,NULL,0,'{\"dimension\":\"3\",\"nx\":1,\"ny\":1,\"Lx\":1,\"Ly\":1,\"xmin\":0,\"ymin\":0,\"fefamily\":\"LAGRANGE\",\"elementorder\":2,\"hole_centers_x\":\"\",\"hole_centers_y\":\"\",\"hole_radii\":\"\",\"hole_npoints\":\"\",\"do_solve\":\"\",\"nz\":null}',NULL,NULL),(218,'q9nPDm','error',79,23,NULL,1,NULL,0,'{\"dimension\":\"3\",\"nx\":1,\"ny\":1,\"Lx\":1,\"Ly\":1,\"xmin\":0,\"ymin\":0,\"fefamily\":\"LAGRANGE\",\"elementorder\":2,\"hole_centers_x\":\"\",\"hole_centers_y\":\"\",\"hole_radii\":\"\",\"hole_npoints\":\"\",\"do_solve\":\"\",\"nz\":null}',NULL,NULL),(219,'boQjmu','error',79,23,NULL,1,NULL,0,'{\"dimension\":\"3\",\"nx\":1,\"ny\":1,\"Lx\":1,\"Ly\":1,\"xmin\":0,\"ymin\":0,\"fefamily\":\"LAGRANGE\",\"elementorder\":2,\"hole_centers_x\":\"\",\"hole_centers_y\":\"\",\"hole_radii\":\"\",\"hole_npoints\":\"\",\"do_solve\":\"\",\"nz\":null}',NULL,NULL),(220,'mt6vZX','error',79,23,NULL,1,NULL,0,'{\"dimension\":\"3\",\"nx\":1,\"ny\":1,\"Lx\":1,\"Ly\":1,\"xmin\":0,\"ymin\":0,\"fefamily\":\"LAGRANGE\",\"elementorder\":2,\"hole_centers_x\":\"\",\"hole_centers_y\":\"\",\"hole_radii\":\"\",\"hole_npoints\":\"\",\"do_solve\":\"\",\"nz\":null}',NULL,NULL),(221,'VVnhdA','error',79,23,NULL,1,NULL,0,'{\"dimension\":\"3\",\"nx\":1,\"ny\":1,\"Lx\":1,\"Ly\":1,\"xmin\":0,\"ymin\":0,\"fefamily\":\"LAGRANGE\",\"elementorder\":2,\"hole_centers_x\":\"\",\"hole_centers_y\":\"\",\"hole_radii\":\"\",\"hole_npoints\":\"\",\"do_solve\":\"\",\"nz\":null}',NULL,NULL),(222,'z20FVL','error',79,23,NULL,1,NULL,0,'{\"dimension\":\"3\",\"nx\":1,\"ny\":1,\"Lx\":1,\"Ly\":1,\"xmin\":0,\"ymin\":0,\"fefamily\":\"LAGRANGE\",\"elementorder\":2,\"hole_centers_x\":\"\",\"hole_centers_y\":\"\",\"hole_radii\":\"\",\"hole_npoints\":\"\",\"do_solve\":\"\",\"nz\":null}',NULL,NULL),(223,'bCjegN','error',79,23,NULL,1,NULL,0,'{\"dimension\":\"3\",\"nx\":1,\"ny\":1,\"Lx\":1,\"Ly\":1,\"xmin\":0,\"ymin\":0,\"fefamily\":\"LAGRANGE\",\"elementorder\":2,\"hole_centers_x\":\"\",\"hole_centers_y\":\"\",\"hole_radii\":\"\",\"hole_npoints\":\"\",\"do_solve\":\"\",\"nz\":null}',NULL,NULL),(224,'TqoUSi','error',79,23,NULL,1,NULL,0,'{\"dimension\":\"3\",\"nx\":1,\"ny\":1,\"Lx\":1,\"Ly\":1,\"xmin\":0,\"ymin\":0,\"fefamily\":\"LAGRANGE\",\"elementorder\":2,\"hole_centers_x\":\"\",\"hole_centers_y\":\"\",\"hole_radii\":\"\",\"hole_npoints\":\"\",\"do_solve\":\"\",\"nz\":null}',NULL,NULL),(225,'h159sE','built',260,23,'2011-05-23 13:43:28',NULL,NULL,0,'{\"a\":\"DefaultA\",\"b\":\"DefaultB\"}',NULL,NULL),(226,'Q0ASKa','built',260,23,'2011-05-23 13:47:10',NULL,NULL,0,'{\"a\":\"DefaultA\",\"b\":\"DefaultB\"}',NULL,NULL),(227,'gMYhRl','built',260,23,'2011-05-23 13:47:42',NULL,NULL,0,'{\"a\":\"DefaultA\",\"b\":\"DefaultB\"}',NULL,NULL),(228,'ogbfTP','built',260,23,'2011-05-23 13:50:21',NULL,NULL,0,'{\"a\":\"DefaultA\",\"b\":\"DefaultB\"}',NULL,NULL),(229,'lzuw9N','built',260,23,'2011-05-23 13:52:28',NULL,NULL,0,'{\"a\":\"DefaultA\",\"b\":\"DefaultB\"}',NULL,NULL),(230,'nVCOD6','built',260,23,'2011-05-23 13:56:11',NULL,NULL,0,'{\"a\":\"DefaultA\",\"b\":\"DefaultB\"}',NULL,NULL),(231,'HWJ58E','built',260,23,'2011-05-23 13:56:11',NULL,NULL,0,'{\"a\":\"DefaultA\",\"b\":\"DefaultB\"}',NULL,NULL),(232,'APv6T6','built',260,23,'2011-05-23 13:56:12',NULL,NULL,0,'{\"a\":\"DefaultA\",\"b\":\"DefaultB\"}',NULL,NULL),(233,'tMtrkm','built',260,23,'2011-05-23 13:57:16',NULL,NULL,0,'{\"a\":\"DefaultA\",\"b\":\"DefaultB\"}',NULL,NULL),(234,'pdhmnI','built',260,23,'2011-05-23 14:07:53',NULL,NULL,0,'{\"a\":\"DefaultA\",\"b\":\"DefaultB\"}',NULL,NULL),(235,'aZOMje','built',260,23,'2011-05-23 14:11:07',NULL,NULL,0,'{\"a\":\"DefaultA\",\"b\":\"DefaultB\"}',NULL,NULL),(236,'AhHV9a','built',260,23,'2011-05-23 14:12:43',NULL,NULL,0,'{\"a\":\"DefaultA\",\"b\":\"DefaultB\"}',NULL,NULL),(237,'H0kJDJ','built',260,23,'2011-05-23 14:13:46',NULL,NULL,0,'{\"a\":\"DefaultA\",\"b\":\"DefaultB\"}',NULL,NULL),(238,'XsuQbO','built',260,23,'2011-05-23 14:15:22',NULL,NULL,0,'{\"a\":\"DefaultA\",\"b\":\"DefaultB\"}',NULL,NULL),(239,'QUsZQe','built',260,23,'2011-05-23 14:15:54',NULL,NULL,0,'{\"a\":\"DefaultA\",\"b\":\"DefaultB\"}',NULL,NULL),(240,'KyitPr','built',260,23,'2011-05-23 14:16:26',NULL,NULL,0,'{\"a\":\"DefaultA\",\"b\":\"DefaultB\"}',NULL,NULL),(241,'l8ctJb','built',260,23,'2011-05-23 14:16:58',NULL,NULL,0,'{\"a\":\"DefaultA\",\"b\":\"DefaultB\"}',NULL,NULL),(242,'vJhlam','built',260,23,'2011-05-23 14:19:07',NULL,NULL,0,'{\"a\":\"DefaultA\",\"b\":\"DefaultB\"}',NULL,NULL),(243,'duIvtp','built',260,23,'2011-05-23 14:22:18',NULL,NULL,0,'{\"a\":\"DefaultA\",\"b\":\"DefaultB\"}',NULL,NULL),(244,'dryw9f','built',260,23,'2011-05-23 14:22:51',NULL,NULL,0,'{\"a\":\"DefaultA\",\"b\":\"DefaultB\"}',NULL,NULL),(245,'B9UKB0','error',0,23,NULL,1,NULL,0,'{\"a\":\"DefaultA\",\"b\":\"DefaultB\"}',NULL,NULL),(246,'magpLP','built',260,23,'2011-05-23 14:32:58',NULL,NULL,0,'{\"a\":\"DefaultA\",\"b\":\"DefaultB\"}',NULL,NULL),(247,'XFmfL7','error',80,23,NULL,1,NULL,0,'{\"nx\":null,\"ny\":null,\"Lx\":null,\"Ly\":null,\"xmin\":null,\"ymin\":null,\"fefamily\":\"LAGRANGE\",\"elementorder\":null,\"re\":null,\"do_solve\":\"\",\"nz\":null}',NULL,NULL),(248,'lDi0xq','built',219,7,'2011-05-31 15:09:46',NULL,NULL,0,'{\"da_grid_x\":20,\"da_grid_y\":20,\"da_grid_z\":20,\"seed_phi\":3454345,\"seed_k11\":56756756,\"seed_k22\":235759,\"seed_k33\":234656,\"seed_flowmask\":3222111,\"percentage_phi\":0.1,\"percentage_k11\":0.1,\"percentage_k22\":0.1,\"percentage_k33\":0.1,\"percentage_flowmask\":0.15,\"endtime\":2}',NULL,NULL),(249,'qkn0TY','error',220,7,NULL,1,NULL,0,'{\"scheme\":\"HP\",\"hp-min\":\"0\",\"hp-max\":\"1\",\"anisotropy-x\":\"0\",\"anisotropy-y\":\"0\",\"anisotropy-z\":\"0\"}',NULL,NULL),(250,'rpmOAe','error',220,7,NULL,1,NULL,0,'{\"scheme\":\"HP\",\"hp-min\":\"0\",\"hp-max\":\"1\",\"anisotropy-x\":\"0\",\"anisotropy-y\":\"0\",\"anisotropy-z\":\"0\"}',NULL,NULL),(251,'r9wTJn','error',220,7,NULL,1,NULL,0,'{\"scheme\":\"HP\",\"hp-min\":\"0\",\"hp-max\":\"1\",\"anisotropy-x\":\"0\",\"anisotropy-y\":\"0\",\"anisotropy-z\":\"0\"}',NULL,NULL),(252,'Vdtlse','built',220,7,'2011-05-31 16:31:55',NULL,NULL,0,'{\"scheme\":\"HP\",\"hp-min\":\"0\",\"hp-max\":\"1\",\"anisotropy-x\":\"0\",\"anisotropy-y\":\"0\",\"anisotropy-z\":\"0\"}',NULL,NULL),(253,'SXUr0a','built',220,7,'2011-05-31 16:34:03',NULL,NULL,0,'{\"scheme\":\"HP\",\"hp-min\":\"0\",\"hp-max\":\"1\",\"anisotropy-x\":\"0\",\"anisotropy-y\":\"0\",\"anisotropy-z\":\"0\"}',NULL,NULL),(254,'X603QL','built',220,7,'2011-05-31 16:58:55',NULL,NULL,0,'{\"scheme\":\"HP\",\"hp-min\":\"0\",\"hp-max\":\"1\",\"anisotropy-x\":\"0\",\"anisotropy-y\":\"0\",\"anisotropy-z\":\"0\"}',NULL,NULL),(255,'NbklO4','built',220,7,'2011-05-31 17:08:13',NULL,NULL,0,'{\"scheme\":\"HP\",\"hp-min\":\"0\",\"hp-max\":\"1\",\"anisotropy-x\":\"0\",\"anisotropy-y\":\"0\",\"anisotropy-z\":\"0\"}',NULL,NULL),(256,'5obu6V','built',220,7,'2011-05-31 19:30:32',NULL,NULL,0,'{\"scheme\":\"HP\",\"hp-min\":\"0\",\"hp-max\":\"1\",\"anisotropy-x\":\"0\",\"anisotropy-y\":\"0\",\"anisotropy-z\":\"0\"}',NULL,NULL),(257,'0fGIVg','built',220,7,'2011-05-31 19:40:23',NULL,NULL,0,'{\"scheme\":\"HP\",\"hp-min\":\"0\",\"hp-max\":\"1\",\"anisotropy-x\":\"0\",\"anisotropy-y\":\"0\",\"anisotropy-z\":\"0\"}',NULL,NULL),(258,'8RJSUy','built',220,7,'2011-05-31 19:43:48',NULL,NULL,0,'{\"scheme\":\"HP\",\"hp-min\":0,\"hp-max\":1,\"anisotropy-x\":0,\"anisotropy-y\":0,\"anisotropy-z\":0}',NULL,NULL),(259,'j8XmEi','built',220,7,'2011-05-31 19:45:36',NULL,NULL,0,'{\"scheme\":\"HP\",\"hp-min\":0,\"hp-max\":1,\"anisotropy-x\":0,\"anisotropy-y\":0,\"anisotropy-z\":0}',NULL,NULL),(260,'PQTssV','built',220,7,'2011-06-14 19:34:56',NULL,NULL,0,'{\"scheme\":\"HP\",\"hp-min\":0,\"hp-max\":1,\"anisotropy-x\":0,\"anisotropy-y\":0,\"anisotropy-z\":0}',NULL,NULL),(261,'Umfr1Y','built',220,7,'2011-07-03 22:53:00',NULL,NULL,0,'{\"scheme\":\"HP\",\"hp-min\":0,\"hp-max\":1,\"anisotropy-x\":0,\"anisotropy-y\":0,\"anisotropy-z\":0}',NULL,NULL),(262,'2ImCzF','built',220,7,'2011-07-06 03:38:02',NULL,NULL,0,'{\"scheme\":\"HP\",\"hp-min\":0,\"hp-max\":1,\"anisotropy-x\":0,\"anisotropy-y\":0,\"anisotropy-z\":0}',NULL,NULL),(263,'bkZBLv','built',220,7,'2011-07-06 03:46:26',NULL,NULL,0,'{\"scheme\":\"HP\",\"hp-min\":0,\"hp-max\":1,\"anisotropy-x\":0,\"anisotropy-y\":0,\"anisotropy-z\":0}',NULL,NULL),(264,'yrIbta','built',220,7,'2011-07-06 03:48:19',NULL,NULL,0,'{\"scheme\":\"HP\",\"hp-min\":0,\"hp-max\":1,\"anisotropy-x\":0,\"anisotropy-y\":0,\"anisotropy-z\":0}',NULL,NULL),(265,'90vo2h','built',221,7,'2011-07-12 20:52:08',NULL,NULL,0,'{\"scheme\":\"HP\",\"hp-min\":\"0\",\"hp-max\":\"1\",\"anisotropy-x\":\"\",\"anisotropy-y\":\"\",\"anisotropy-z\":\"0\"}',NULL,NULL),(266,'YlyneJ','built',221,7,'2011-07-12 20:54:24',NULL,NULL,0,'{\"scheme\":\"H\",\"hp-min\":0,\"hp-max\":1,\"anisotropy-x\":null,\"anisotropy-y\":null,\"anisotropy-z\":0}',NULL,NULL),(267,'VryN1Y','built',221,7,'2011-07-12 20:56:41',NULL,NULL,0,'{\"scheme\":\"H\",\"hp-min\":0,\"hp-max\":1,\"anisotropy-x\":0,\"anisotropy-y\":0,\"anisotropy-z\":0}',NULL,NULL),(268,'9xuUIA','built',222,7,'2011-07-12 22:47:43',NULL,NULL,0,'{\"scheme\":\"H\",\"hp-min\":0,\"hp-max\":1,\"anisotropy-x\":0,\"anisotropy-y\":0,\"anisotropy-z\":0}',NULL,NULL),(269,'inkHVY','built',220,7,'2012-03-15 15:09:16',NULL,NULL,0,'{\"scheme\":\"HP\",\"hp-min\":0,\"hp-max\":2,\"anisotropy-x\":0.5,\"anisotropy-y\":0,\"anisotropy-z\":0.3}',NULL,NULL),(270,'Qf4qJ0','error',80,7,NULL,1,NULL,0,'{\"nx\":null,\"ny\":null,\"Lx\":null,\"Ly\":null,\"xmin\":null,\"ymin\":null,\"fefamily\":\"LAGRANGE\",\"elementorder\":null,\"re\":null,\"do_solve\":\"\",\"nz\":null}',NULL,NULL),(271,'KHeIiH','error',259,7,NULL,1,NULL,0,'{\"n\":11,\"v\":2.5}',NULL,NULL),(272,'itbLyi','error',259,7,NULL,1,NULL,0,'{\"n\":11,\"v\":2.5}',NULL,NULL),(273,'vbIksV','built',259,7,'2012-03-21 17:50:30',NULL,NULL,0,'{\"n\":11,\"v\":2.5}',NULL,NULL),(274,'ov4QXw','built',259,7,'2012-03-21 17:52:12',NULL,NULL,0,'{\"n\":11,\"v\":2.5}',NULL,NULL),(275,'Myezic','built',259,7,'2012-03-21 17:56:46',NULL,NULL,0,'{\"n\":11,\"v\":2.5}',NULL,NULL),(276,'iXABlt','error',259,7,NULL,1,NULL,0,'{\"n\":11,\"v\":2.5}',NULL,NULL),(277,'Cen5yh','error',259,7,NULL,1,NULL,0,'{\"n\":11,\"v\":2.5}',NULL,NULL),(278,'k0IBdd','built',259,7,'2012-04-09 01:56:28',NULL,NULL,0,'{\"n\":11,\"v\":2.5}',NULL,NULL),(279,'lJtbCP','built',259,7,'2012-04-09 01:58:46',NULL,NULL,0,'{\"n\":11,\"v\":2.5}',NULL,NULL),(280,'vTuthn','built',259,7,'2012-04-09 02:01:39',NULL,NULL,0,'{\"n\":11,\"v\":2.5}',NULL,NULL),(281,'K9yavu','built',259,7,'2012-04-09 02:13:43',NULL,NULL,0,'{\"n\":11,\"v\":2.5}',NULL,NULL),(282,'QL3bz2','built',259,7,'2012-04-09 02:20:02',NULL,NULL,0,'{\"n\":11,\"v\":2.5}',NULL,NULL),(283,'AI1Fao','built',259,7,'2012-04-09 02:21:45',NULL,NULL,0,'{\"n\":11,\"v\":2.5}',NULL,NULL),(284,'5Zmk3a','built',259,7,'2012-04-10 20:02:26',NULL,NULL,0,'{\"n\":11,\"v\":2.5}',NULL,NULL);
/*!40000 ALTER TABLE `product` ENABLE KEYS */;
UNLOCK TABLES;

--
-- Table structure for table `script`
--

DROP TABLE IF EXISTS `script`;
/*!40101 SET @saved_cs_client     = @@character_set_client */;
/*!40101 SET character_set_client = utf8 */;
CREATE TABLE `script` (
  `id` int(11) NOT NULL auto_increment,
  `generator_id` int(11) default NULL,
  `path` varchar(100) collate utf8_unicode_ci default NULL,
  PRIMARY KEY  (`id`)
) ENGINE=MyISAM AUTO_INCREMENT=4 DEFAULT CHARSET=utf8 COLLATE=utf8_unicode_ci;
/*!40101 SET character_set_client = @saved_cs_client */;

--
-- Dumping data for table `script`
--

LOCK TABLES `script` WRITE;
/*!40000 ALTER TABLE `script` DISABLE KEYS */;
INSERT INTO `script` VALUES (1,242,'/data/FEniCS/stokes.py'),(2,241,''),(3,242,'Test');
/*!40000 ALTER TABLE `script` ENABLE KEYS */;
UNLOCK TABLES;

--
-- Table structure for table `session`
--

--
-- Removing this for now...codeigniter handles session
--

-- DROP TABLE IF EXISTS `session`;
/*!40101 SET @saved_cs_client     = @@character_set_client */;
/*!40101 SET character_set_client = utf8 */;
/**
CREATE TABLE `session` (
  `session_id` varchar(32) collate utf8_unicode_ci NOT NULL,
  `user_id` int(11) NOT NULL,
  `last_access` int(11) NOT NULL,
  `ip_addr` varchar(15) collate utf8_unicode_ci NOT NULL,
  PRIMARY KEY  (`session_id`)
) ENGINE=MyISAM DEFAULT CHARSET=utf8 COLLATE=utf8_unicode_ci;
**/
/*!40101 SET character_set_client = @saved_cs_client */;

--
-- Dumping data for table `session`
--

-- LOCK TABLES `session` WRITE;
/*!40000 ALTER TABLE `session` DISABLE KEYS */;
/**
INSERT INTO `session` VALUES ('mic4sqlh4107vd7cod52q9psh2',1,1224656320,'129.116.47.13'),('58p864s4ald0je1u610qpmunb7',1,1224694905,'129.116.47.13'),('6pe7s0v77enlgq5fheg1vhpb35',16,1225475631,'129.114.59.19'),('etdkg79dogt8gf25kdjl5asc27',1,1225900054,'129.116.47.13'),('gu52466rjsrp49rdohts62ukj3',2,1225909014,'129.116.47.13'),('m2saf3knuc1t8u2svdofk5bnd2',1,1225927015,'129.116.47.13'),('embmactg6anaogt85o6v6ehoq0',6,1227337610,'129.116.47.13'),('u3gcmjkglfhnvvdfplpm0ot872',6,1227591403,'129.116.47.13'),('m309kl547jccrk0jbdhk6islt0',6,1228323451,'128.62.157.166'),('rlrat1ugf0a8lrruc5obe704l3',10,1228491975,'129.116.47.229'),('fm83jet1j661ro1hk59nftmtd1',11,1228778194,'129.116.47.229'),('g73cdrrah2su4lr31meb91fog2',12,1228890003,'129.116.47.229'),('ia10ie5d7erkkt1tbbgnlfnl61',13,1232382400,'67.67.217.57'),('1n2s79toronrnm2vvqctb6fpt0',17,1232603007,'129.116.47.13'),('dbpam6g48lj4u0d56g0f8geec5',18,1232704826,'129.116.47.13'),('hcr0r9o4h96dflnvksoo9re2f1',18,1232731067,'129.116.47.13'),('uf5jlioreq5r818kvaif3j7qh1',18,1233273715,'128.62.146.187'),('4776rqko51mhohncuf563aa8s1',23,1233432516,''),('e3jd4tmu1qideuipl6m48m4i01',23,1233509671,''),('jlqd6b4c9ahiqcp4mmjld3n6u3',23,1233557607,''),('9rq65tdlu2a1is0cgrmlrfne95',23,1233886182,''),('1jvu4r0hg2bfh30vhfrlvmaqe5',13,1233949120,''),('s7veheaqqc163vnv7rqcvhgp31',23,1234393544,''),('5tiefe6efohronm2nbcn23q631',23,1234411515,''),('nc6m6732cgfl8nsfgg9fnnn972',23,1234421507,''),('623ojpofin70ki96rqopqsem32',23,1234464043,''),('6qudg2h3mr0r0mmb3ennea8rs1',23,1234474921,''),('7q7u8rictp12ciucnd8f48j3l4',23,1234670979,'129.116.55.204'),('46pa9unkefnhvamc14cj8oogc1',23,1234690568,'129.116.47.13'),('dpg9mq3np9vrl0pji9s87gsau1',23,1234754691,'32.169.10.143'),('vbu8q3h04juasqq5bl0kugug27',13,1234902340,'128.62.148.250'),('ncgavdg9tv2h7nvgp4mdvf3k33',23,1235085673,'128.62.84.78'),('v4mk86qu5mbe9ndcv9ruio5tp5',23,1235152663,'128.62.161.196'),('r4ncg2c966cimu20dhhu7785v7',23,1235622266,'129.116.47.13'),('5v1vdg6citemugk5nkf5g5u2e6',23,1235684762,'128.62.232.60'),('9hq9sm9c43alor1er159nfpvm6',23,1235882520,'129.116.47.13'),('pq68tb9g5fgah7ltnmt1elacm7',13,1235762985,'129.114.59.103'),('hdg3kb3jl61hqh9cc4064gb1d2',23,1235904184,'128.62.99.159'),('adpudn58od741dht9iv6l4cif5',23,1236106572,'128.62.157.2'),('phmr5jptdq4lefqvdn1rksl8g7',23,1236122987,'128.83.144.199'),('f1cpqekm0unnov697t3qsa5ee0',23,1236141390,'129.116.47.13'),('b5l3h1f7e8d1oibt4f6fg9grv7',23,1236605627,'128.62.230.57'),('hc26r30rqdcbt1eubdg5ascjs0',23,1236639637,'129.116.47.13'),('s0qb8p52nourrtab324crhba97',23,1236655387,'128.62.93.144'),('n21ual21tbshb8g9r08u7kgu12',23,1236898772,'129.116.47.13'),('jjltohgvmedntlgaub2qogh297',23,1236910827,'129.116.47.13'),('f925kfqkb1runue1cahubieon7',23,1236954637,'129.116.47.13'),('opups5gihf8tmivi8pfvjmirs6',23,1236960699,'32.170.36.11'),('7qv698eqsmtmm0b99usjnfunc3',23,1237438899,'71.123.225.32'),('eigjphu7j8njgqgpaffj445k05',23,1237447860,'96.226.243.103'),('8bqqeslrtfg3ncjjlkm516ip17',23,1237521373,'129.116.47.13'),('5o6ulkjnv8a5sebe2b6ar1kqg5',13,1237563919,'129.114.59.103'),('guql1rl7s76j4b2vpk54saka20',23,1237786616,'128.62.180.161'),('7l3fl0jskpep79555ag052g890',23,1237786281,'129.116.47.13'),('s5j60jka1qu3dnjcee5l2e75d2',23,1237787272,'32.170.198.192'),('k1laggkrdk2b4efc8bvt4fmdh2',23,1237812406,'129.116.47.13'),('cf43vhuutld4da5qll3mdcp471',23,1237936844,'129.116.47.13'),('9h88cngb54r8k5c5t6td32reu7',23,1238129538,'129.116.47.13'),('01535boent24hskr3d7o9rrvr5',23,1239508448,'129.116.47.13'),('8fl31hbducr3q9i6bhj0p6qr44',23,1239511848,'129.116.47.13'),('m2sifeph0tqs707bl9l6r92gm1',23,1239512709,'129.116.47.13'),('cghup5j9m3q18iu4iovdi68a02',23,1239587404,'129.116.47.13'),('4sblnlai4e600srm2rrmp6uj80',23,1239958822,'128.62.92.210'),('c21moq7inntd0post75bv6lrc7',23,1239958856,'128.62.92.210'),('mb3h7c00kvi2p45u9jri58c813',23,1239959141,'128.62.92.210'),('lcfc55foiutoq7r1dmbip8ucc7',23,1241154352,'128.62.97.17'),('qf9a184r0t65odu24637dd7f74',23,1241733763,'128.62.70.106'),('tgr463j2sctf5uqjkgvfd3fv01',23,1241735403,'128.62.70.106'),('7g1012l2ac60rp3e4bl357dho4',23,1241775987,'128.83.144.190'),('httfp0g4osk8vmbtga6jgoihk0',23,1241797316,'128.62.70.106'),('nl37rd9mikq9mpko1n1r9ka391',23,1243603666,'99.50.234.218'),('kod4ll4b14sdvambkhmrhrr2l7',23,1244083499,'99.50.234.218'),('gvuth3grh3f1e5odu87krdc3r3',23,1244150141,'32.97.110.52'),('5u1jc92uk9d39b7jf9univkrh3',13,1244226770,'129.114.59.55'),('e686gea3gthjhkmgfldkdfdvn7',23,1244601247,'99.50.234.218'),('4m3qqemjggh4j43ued55lsi725',23,1244685317,'99.50.234.218'),('srlj46bcotsvppo7td90iq1jq7',23,1244687276,'99.50.234.218'),('h6q0mhqpt7bqkfbou0c76nh781',23,1244687503,'99.50.234.218'),('ecr3klii3s2n2mh9ptf7nlrut0',23,1244687594,'99.50.234.218'),('jitgrcaguk8jngkjv7n2l63rr1',23,1244691772,'99.50.234.218'),('m82pp465ellf3dd5th5ogc9nb6',23,1246000640,'99.50.234.218'),('3l00evgrvjt5truree01eaci05',13,1246042317,'129.114.59.55'),('j3bilpmhde5qslun2ksmo0s596',23,1250268852,'99.50.234.218'),('76g9pugd5qqf5m67eqcnutaoo2',23,1247116096,'99.50.234.218'),('ducoj60r1t24gpojr7qh961745',23,1248590081,'128.62.154.10'),('nt3jlqv124g8usac2otpijqoo5',23,1248658608,'71.42.138.76'),('5phfrcqvad1uookqgrjt3sjg05',23,1248737171,'99.50.234.218'),('pgr1gbdf9kvvb0ov9gvfka6a15',25,1249055249,'216.180.72.14'),('rk0r9rbg3bmrabcns3gb01tqj7',23,1249067599,'32.97.110.65'),('s70d81n6n3j2msctn64mn5a972',24,1250244109,'99.50.234.218'),('h6tfeb399ufp91fhgq0sis1j10',7,1250275439,'128.62.230.245'),('jtck20isqf8veiajq309eg5v63',7,1250447796,'70.112.78.156'),('0nhf4e0ukq0960tgqsqi2sr4m0',23,1250836795,'99.50.234.218'),('s8q4lac3bbj5austk89qn79if1',23,1251518251,'128.62.111.102'),('bf6naffb77chs4njfqi39t0eo4',23,1251655008,'99.50.234.218'),('s08q5ic8vpgvbk24tdc4qu0qq2',23,1251698261,'99.50.234.218'),('mdt7u5aj3lbrtlmf33t5uluqi5',23,1251776602,'128.62.70.123'),('sg03dui9g4cmgq0k0t1qlttii5',7,1251783863,'129.114.59.27'),('qk9o1tnt7l569ej1sb1j9b3op7',23,1251902499,'99.50.234.218'),('0f8npqh3urqtsn1i05hki1n884',23,1252003975,'128.62.86.177'),('nt7hodusbokmb9j2ijmm1j4922',23,1252005886,'128.62.86.177'),('0oq4vmvr9trce9s3ekeg5qq9n4',7,1252955983,'129.114.59.7'),('vftkcdm0tvjrt7leju8c8b0ms4',7,1253045343,'129.114.59.7'),('o6npbu6tm6i7q86v4baurs59e0',23,1253052337,'99.50.234.218'),('1h0o8v7hvamamgfe1bro4lej15',27,1253101958,'99.50.234.218'),('p6u8pb6j95vhphes09anm4deo6',7,1253124777,'129.114.59.153'),('lev9kjhanr4icl8uub7sc231r4',23,1253671838,'128.62.165.50'),('k328udium1ecp9kmcu23mnk285',23,1253697335,'99.50.234.218'),('4na8p5knnma6l5tg7p7svkfs45',23,1253724580,'99.50.234.218'),('p14t7esllmkpv675iv31ceg4v4',23,1254068874,'99.50.234.218'),('nahph7tf9psdid8lpocfd1rht4',23,1254098716,'99.178.202.27'),('9l8sr87c72n32244btbkmdo4j4',23,1254104168,'99.50.234.218'),('7qrk06udrjjgd7cdngbfcss324',23,1254239665,'128.62.131.54'),('qmd2mndpqa3s7md6fqmrmrkcr4',7,1254940187,'128.62.132.73'),('5an591qm033v8nqjll8eqj3nd4',23,1255530982,'99.50.234.218'),('f29jlihstgrcmf9kab89o9lqn4',7,1255545876,'128.62.83.219'),('nvg9g7qqi2mafhqvl26vpqkmg5',23,1256713403,'99.50.234.218'),('v1jopqgnhjopgpotu25rkbbtf7',7,1256755181,'129.114.59.174'),('n8s7v2ccg2a1drdgab9osob631',23,1257400692,'99.50.234.218'),('o13ov6o9p1rgd7fs8u63luak74',23,1257436642,'99.50.234.218'),('su305a4li4qc4q98122q1skjl4',7,1257896305,'128.62.122.10'),('19rsofth84o0s78pcbbiajo2q1',8,1258250861,'70.112.78.156'),('a48lsalve0ufkc478kkb18l8j3',7,1257968157,'128.62.93.110'),('ok361d8ru3jp34eqekqoc0bit2',7,1258252525,'129.114.59.54'),('ap2qsbhnmpv6h8r0uo4nlepsj1',23,1258481225,'128.62.90.238'),('jfrp89nod92s49e80fu45l0tr5',23,1258502205,'128.62.92.158'),('69a0uc0i7fb6ddf1leoeke69b3',7,1259178462,'128.62.121.244'),('cfieurcu1r6kchlbqdbga6taa2',23,1260983121,'99.50.234.218'),('qt16n12a72lp6h2176gggdqjg3',7,1262647377,'70.112.78.156'),('lk7r6mf34r254qj0rlki0jt7j5',23,1262784574,'99.50.234.218'),('a5h8d2l4srr9ao61i0eulcjkh4',23,1262937165,'128.62.179.87'),('pg49dmah5cnjm19p4vg1pvipe1',7,1263223940,'129.114.59.52'),('nvnno9d413c9b8f1tem20c1dg1',23,1263538332,'99.50.234.218'),('jdlvab4r6k6883ohl4f5d35ug5',23,1263557570,'99.50.234.218'),('9orueaq66nrfp251jd798s8au3',7,1264442722,'129.114.59.52'),('cjd4sfp76ms64iv8ou32dq5rm0',23,1265032122,'99.50.234.218'),('kj92p7t7e4ivgvj8e0trmcflg5',23,1265650790,'128.62.98.55'),('t8helcn4pdkt11kjeh8dt3h3s0',7,1265651183,'129.114.59.52'),('lvldffsbsbgo88fisn6425cmk2',7,1265990785,'70.112.78.156'),('m21k4kfte6n9a5d4kov0eo1nq4',23,1266212165,'128.62.150.9'),('u9vjcr25e57h1mj0kcj9vlavq0',23,1266216215,'128.62.150.9'),('vikeh08a0kk10b2td6tkffvij6',7,1266257745,'129.114.59.52'),('v8ec0r22alo4d7fqj14lev2sj2',23,1266849232,'99.50.234.218'),('tilvujrhdfkt8jm65bh85lcja0',7,1266859288,'128.62.120.107'),('3gdocst7ltffha48a14v1rusp3',23,1268652996,'99.50.234.218'),('7pr2sdsfbb95ntbq1nercakbs1',23,1269272374,'128.62.92.66'),('98glesopif84l3herba3ourv12',23,1269272885,'128.62.92.66'),('lpbsrc48bngmr1t6s29kfurp24',7,1269277125,'129.114.59.52'),('eu6c393jjj4irfd7ggacvgpmh1',23,1269841387,'99.50.234.218'),('t06drbvr1r02bq5nk8dhqm8i31',7,1269882026,'129.114.59.52'),('vpejrfja811mn6ksoi0qvebek2',23,1270612416,'128.62.235.204'),('morrffuggavgahnvjbpjgpror4',23,1271087213,'99.50.234.218'),('b7l899uksut00qs7a0cu8oj2a0',7,1271092352,'129.114.59.12'),('g8che3askegerccmlqnb4u8pm6',23,1271688658,'99.50.234.218'),('8puegvfdb678c6t8vvs364h1p2',23,1271688746,'99.50.234.218'),('uktekfq5mrsq7p70mpuaisdrf7',23,1271696531,'128.62.157.201'),('o8sffsbqfdhr48d89s2sbt06b3',7,1271871088,'129.114.59.12'),('ioaqtqjufvt4u5qn9tb8992217',7,1272041066,'129.114.59.12'),('i50plrriavvr1a8slv094c8sf4',23,1272121602,'99.50.234.218'),('jv9evjjodbhrolv4ckqkghthr3',23,1272122344,'99.50.234.218'),('58k9dnhigd3j2p9dgqvs21irt6',23,1272150764,'128.83.120.35'),('5h9f7o8hvjp28j7ip0nahl1va3',23,1272166176,'128.62.214.157'),('frf08lseak9lrhfic5k58g3q70',7,1272244123,'70.112.78.156'),('tdvl2f16a2memgppi4eqjulg04',23,1272302517,'128.62.129.36'),('j5hp4tubh8dmegbu41opasc8k3',23,1272901338,'99.50.234.218'),('emgu73feeued7t2md5l57khim1',7,1273007788,'70.112.78.156'),('gade41q9k1vc5oaurgo56tgpa7',23,1273206659,'128.62.155.75'),('6dlicorm2u2532ctnhl7e4ueh1',23,1273208972,'128.62.155.75'),('4vp4qtbh9kabcrers66l5lboi5',23,1273445287,'128.62.180.106'),('dtfg2idj8vvc94r3avan1uaol5',23,1273553214,'99.50.234.218'),('ev2jelvpq7283593ob66ic3u07',7,1273620656,'129.114.59.12'),('91ilthe39d75mttjdpavgoiaa7',7,1273868660,'128.62.216.134'),('d7bj713nr713oe0rg9do1hjgr3',23,1274107698,'71.96.149.183'),('btnpscov8vdvig6f600kgfa8o1',7,1274115907,'129.114.59.12'),('lou16hendq1b8st24f229pjhh6',7,1274486924,'72.179.55.11'),('5inch9t17ueh96of72i3583n31',23,1274679043,'67.152.80.234'),('8b08bhn5iqo51uf6k0127b7sl4',23,1274686327,'67.152.80.234'),('86cfqrhupvgf6alkc1un4shpt7',23,1274705324,'67.152.80.234'),('972dgblhj206qr7ogs65p2t4t5',7,1274712600,'129.116.126.120'),('oc09enc2nbqh9e8d9gqk9a11m4',23,1275371478,'67.111.52.130'),('o9e8l2ntm5kuh0mt7majk0nt86',7,1275935799,'98.175.140.13'),('9eko2h0n6c8ni7l6ik0lkoh4r4',23,1276065361,'64.175.228.25'),('ojppmnd5oqn161nn5j19a3sbm6',23,1276067557,'66.120.169.242'),('ju73p9jn04f8h50fq74a5hjjn4',23,1276112175,'17.224.15.245'),('qj0ckipa44e4l2fv9a37e28od3',23,1276324649,'64.175.228.25'),('u2pr1hme5roco48l0vc5fvmea6',7,1276708536,'129.114.59.119'),('ng4g2ak2pv2a4p11a9f37pprb2',7,1277312213,'72.179.55.11'),('b4u9o9iv4p5a6atdt8v7i46sn3',23,1277312260,'17.224.15.245'),('mgj3qomlpl8o9lh2i1ee7m1oh3',23,1277388209,'166.205.139.172'),('m6i0l0m23147uqkfdcg8ddccb4',7,1277389101,'129.116.126.188'),('rqjs4dg45p9clafs3lnma621h4',23,1277967545,'64.175.228.25'),('inhbb2u2hdvha49oheuha9i882',23,1278010828,'17.224.15.245'),('iham5evagklhs4uv01v050jpm5',23,1278010921,'17.244.121.192'),('j26kufmp3os5hbdg8u95dcqev5',23,1278373114,'17.244.121.129'),('rdpflbma37m1c9h32b7oebt8q1',23,1278388126,'64.175.228.25'),('pcquqc95psnueg9vt8nntgivg0',23,1278465615,'17.224.15.245'),('up2ngin1pelag4sgn4o2dhbmb2',23,1278480714,'64.175.228.25'),('gbbeevdj5so731qthegl1r53c1',23,1278567724,'64.175.228.25'),('mfjerumj2nvqdpoba74fg7f3i1',23,1278570079,'64.175.228.25'),('9347cssdmpce2l8l8u8c78c924',23,1278921709,'64.175.228.25'),('m4re7gqvr12v3fegl5de69o881',23,1280741171,'17.244.120.139'),('hf0936en0b35f4jblb4prc3o15',7,1280948770,'128.62.123.180'),('chf6reh501508k3k2s8b03epq2',7,1280958793,'72.179.55.11'),('q6mi164pfhtqlnptvhvrus7cm7',23,1281079308,'17.244.121.237'),('bgtkoc5cu20iiml1t1nnfdhb93',7,1281899625,'72.179.55.11'),('qvu2aou0q13e56jlhev3uaiic3',7,1282060047,'128.62.143.132'),('g3ad80o25qfghlt6und8e0tm75',23,1282837907,'128.62.97.168'),('2i25t1ijg3bd9ij0nqnapt4510',23,1282848926,'128.62.232.207'),('qtvutfd482939jroc2m53cp203',7,1282854851,'128.62.110.169'),('d1gdnhq5d3c64rjlf78rmp0bs4',23,1283953846,'75.13.93.200'),('8pq6qededa55t9ct1trdbsbte6',23,1284579883,'128.62.151.218'),('qlg6um5ifl4cdof3prc0jb3rv6',23,1284666312,'128.62.83.57'),('8sc5rq65l3mjuqepp67ksvt050',7,1284668361,'128.62.71.72'),('g600njf7r1fffrbugcpp5ffnu0',23,1284741642,'75.13.93.200'),('f5jun9559arq90l9l9td6m1o34',23,1285208519,'75.13.93.200'),('uqoef5r4v7v6gfvusmv74urii0',23,1285381852,'75.13.93.200'),('pirrqmbh87avr6qceomn7r6dg1',28,1285413987,'91.201.66.6'),('uvfi6oltqko10m34l940uj45t0',29,1286564561,'129.116.126.98'),('aprt46931pu9k8qiuk4fk9dlm7',23,1286988251,'24.173.79.189'),('s8ppkqu18bo0l1sl9gfbhq72b0',29,1287067346,'129.116.126.98'),('bjnph3sntj87m7d4kkjef301v4',23,1287415030,'128.62.213.175'),('53caeeallbcci4k3mmo18jpi00',23,1287416171,'128.62.213.175'),('nsl3vi4euev84sh4phsvoh7mv5',23,1287424829,'128.62.97.30'),('sitkidpaqnbh2vd8819rn35bh5',23,1287455830,'128.62.235.204'),('q3br36hrjfc6ok8j8rh1coedr7',23,1288210434,'76.233.33.58'),('2nj8c8lloci6ibgmm0ju9i3m56',23,1288210459,'76.233.33.58'),('8a08qhlduea2htt3ig5o4n0qr1',23,1288687457,'75.13.93.200'),('kqfcb1bbmu820f0de3j0gjsq17',23,1288724784,'128.62.82.36'),('fkesdlnt2fgdj1erglmt6lffv7',23,1288740544,'66.69.216.127'),('63rocrrlf6oklmqdntpncoc812',23,1288744286,'66.69.216.127'),('81ftt26krdrd7lr9qg20bsnpu0',23,1288806951,'128.62.176.89'),('mlk3084j0jn14krhfopvevos27',7,1288813580,'128.62.137.80'),('kmliko1ogvji38f2l1i3994v21',23,1288827018,'75.13.93.200'),('2g8hgn827ijqcrntlairhrmmj0',23,1288827750,'75.13.93.200'),('m5adcuqbp9gtal4t7l1t784c30',23,1288829165,'66.69.216.127'),('ediu8r7dj7jnh6mbpr8dbmedk1',23,1288829453,'66.69.216.127'),('i3ck32fll0tfe5tij4s9s4vgb7',23,1288830008,'75.13.93.200'),('3kefrusrrcseaq12to9d946ck3',23,1288836413,'75.13.93.200'),('169mn9ele0oksnmo2cob76dp83',23,1288840199,'75.13.93.200'),('952fr088v6cqcj1ie38e9na1t5',23,1288854323,'75.13.93.200'),('b5749q0c1un4kbuf6vdvmoe015',23,1288865481,'75.13.93.200'),('qbop5gsof48ugakdcl7kp29q32',23,1288888511,'75.13.93.200'),('mnjf6j4tiv88og3lcpvske03u0',23,1288960205,'75.13.93.200'),('upd8j3e9nq3hc55ol3r5foq0a2',23,1288979954,'128.62.91.134'),('cumgq7u37advv9f0mvbj2denq5',23,1289107046,'75.13.93.200'),('snnufa2hv1nittemje8s7sk9l3',23,1289254396,'128.62.128.14'),('chnrlf9j6nujph1so45dmh9tm1',23,1289429026,'128.62.123.237'),('go1270qf93sck49oo8qpn2nsl0',23,1289441618,'128.62.123.237'),('1c5da2fpn9p8a147a5jqn48la3',23,1289450890,'128.62.123.237'),('r7m0ihst4q4ko3k22o1nkfhrb2',23,1291320553,'128.62.121.111'),('k5lggrumls58uqn6pqentjtcd5',7,1291324729,'128.62.188.224'),('gno3ftakv02pr3fh55f0krhr16',23,1291964250,'75.13.93.200'),('hk96b65shvth1tig12jnq1tde1',23,1292822674,'75.13.93.200'),('j05b5e4k86dlm4do6pvv900ug1',23,1293086366,'173.172.21.39'),('gkg3buheirkbhhefamlk1eksk0',23,1293771885,'75.13.93.200'),('4qtpvk4acu1i4gum9356oi4et3',23,1293781339,'75.13.93.200'),('62ee612ubtkahf4a4i99pcnkr6',23,1294330340,'75.13.93.200'),('rgqc18lp4uho668gm58d8u4ud5',23,1294973969,'75.13.93.200'),('ve5a1hf1qhm0i7f75jd7boouo2',7,1295021157,'129.116.126.193'),('kkq4suv6ckcq9d80qv0qb4r695',23,1295069437,'75.13.93.200'),('ief79jlleulchslng1ro92qq76',23,1295616991,'75.13.93.200'),('g9tjgsg68h8329n1kqn6vp7pm7',23,1295818362,'128.62.97.151'),('7r4ud8bear0a1vhokkcrokro87',7,1295985533,'128.62.110.8'),('84gcu8renkmht18lkok5e4c7b5',23,1296151750,'128.62.216.67'),('pk43d0vendmksni7839hut26b0',23,1296214952,'75.13.93.200'),('ksm31d1ehmhglf50hicm46etq1',23,1296370305,'75.13.93.200'),('ms14ogeia5e67tfsjkmessgou7',23,1296514444,'128.62.148.121'),('c638jshe2vrlsv396m4g485rp7',7,1296628625,'72.177.15.165'),('8r8osrhj1kemqnlcstfgbj23q0',23,1296841783,'75.13.93.200'),('emro6tets9l5mbs9irr6lvqmm7',23,1296843644,'75.13.93.200'),('gbs7e671mft0pgcn5h865sje73',7,1296920222,'72.177.15.165'),('v4tptfq57hb6c5iuqac1dmk8v4',23,1296926501,'75.13.93.200'),('u3l08lmc16g3nvcvpqhmej5cg7',23,1297239797,'75.13.93.200'),('485ue092f7mjatov7bfnre12o4',23,1297287928,'75.13.93.200'),('i5segu9la3g8n3bps3inoa4794',23,1297321300,'75.13.93.200'),('jg45uq1bpg6sg2rlniqjoatjm2',23,1297321536,'75.13.93.200'),('jgjds9i49bsgl4cu1558cspc22',23,1297395475,'75.13.93.200'),('cq75599n9eh0tc6pnjar2d6tq2',7,1297536402,'72.177.15.165'),('b0tgohtftnpnkoevp8f3cdcvr0',23,1297650954,'24.173.238.82'),('vnokjjlu9b32c7snqqm5au7t90',23,1297784282,'128.62.123.57'),('uq97cpkmhli51mqv3av57p7ia0',23,1298784186,'128.62.234.149'),('dnimedd2d1odvn8q7bqdm32mj5',23,1298185295,'128.62.211.135'),('d5hi5mcui69beevkteuf7smdd3',23,1299008307,'128.62.235.34'),('ffnd4ktgln9n8qvtro04aq3e30',23,1299117478,'75.13.93.200'),('sh992gekj0ktgbuadbu8nqq804',7,1299793423,'129.116.126.193'),('j1iac9k7ogthqj0q8nfesvtkf4',23,1300267837,'128.62.89.204'),('0n8nrch6bh57qsqgde68bjd361',7,1300385916,'72.177.15.165'),('4jnep217bob1s5568460dto0v6',23,1300467911,'128.62.89.204'),('slh339vmbviq400q3hvb79sgj6',23,1300484937,'128.62.89.204'),('dppcpttqenr0b93vr97chmt9r5',23,1300474763,'128.62.89.204'),('s7tuib8f6evqio68j0h4mgsc70',23,1301043105,'75.13.93.200'),('ji6lmfjgeku7rjd1ioadhqji67',23,1301054171,'128.62.207.124'),('amu9hc6n6fed8qmpf9e7rb5540',7,1301063534,'129.116.126.193'),('ep7qof9opsvmvv59db2pq01af5',23,1301561904,'128.62.83.175'),('eb5724bbeqvr4paj2u8pnrlii6',7,1302840171,'129.114.13.51'),('j15qjv6c3eicp2vt5v5svlq4j7',23,1302251488,'128.62.98.100'),('mpof3ad7r1k4rbsoi1t2s84j34',23,1302294505,'128.62.129.219'),('qfvcjg71eou5qjvfke55ja5466',7,1303444438,'129.114.13.55'),('47nmqq9f5vgf7k81r3dfv7h0e7',23,1304056295,'24.173.238.82'),('847e88ghp3j1ron0n61bjnhf95',7,1304101702,'129.116.126.193'),('4ba3i53qah59ihutf55mg1ueu6',23,1304692360,'128.62.99.110'),('q5s1bl66381csado8hq1ikvpd2',7,1304692379,'129.116.126.193'),('4cgirkcpvf4biuit47bhrd33q2',7,1305165894,'66.25.180.248'),('0mjgdimu81afjutruml2dusrd2',23,1305320231,'128.62.156.48'),('qh25358iarj4p7vi6mbvokhpa3',23,1305260416,'71.29.76.230'),('e0h9qfm5codlj2ggtgh9nlgn96',23,1305291852,'75.13.93.200'),('88lt82l6puirpj86kecv3gks81',23,1306147980,'128.62.234.24'),('t6mfsf7a7ckpjb7nta926aj8b6',7,1306855004,'129.116.126.193'),('2odb5mb2f6crb9jnvc95aioko3',7,1308080021,'129.116.126.193'),('jsqo88ogtkjvoms249a097lic1',7,1309733491,'129.114.13.59'),('g32slqmo3cfgh0k0fc3q527nj5',7,1310503807,'129.116.126.193'),('2p1kkti517o7rlosdsheri9776',7,1313037144,'66.25.180.248'),('ba80qeq3kf7km1e4djibg0ojt7',7,1314042725,'129.116.126.193'),('5hbv1lcrfiias70tcc1r9ji847',7,1329859269,'129.116.126.193'),('78mf3vpnpb6qomj5027g55glb2',7,1331054911,'66.68.159.75'),('1ovuj51jvq1ev2n0dvl3boh0v3',7,1331607947,'66.68.159.75'),('mhve4747t8f8caci3n0es4edv6',7,1331823956,'129.116.126.138'),('8ed2biovs86eid97a18afa87t5',7,1332350299,'129.116.126.193'),('cb232ak9jjkg1jvep4pgehsih5',31,1333547511,'129.116.126.150'),('asgs778l5273u13m5bqkhtkuu2',7,1333935131,'66.68.159.75');
**/
/*!40000 ALTER TABLE `session` ENABLE KEYS */;
-- UNLOCK TABLES;

--
-- Table structure for table `statistics`
--

DROP TABLE IF EXISTS `statistics`;
/*!40101 SET @saved_cs_client     = @@character_set_client */;
/*!40101 SET character_set_client = utf8 */;
CREATE TABLE `statistics` (
  `product_id` int(10) unsigned NOT NULL auto_increment,
  PRIMARY KEY  (`product_id`)
) ENGINE=InnoDB DEFAULT CHARSET=utf8 COLLATE=utf8_unicode_ci;
/*!40101 SET character_set_client = @saved_cs_client */;

--
-- Dumping data for table `statistics`
--

LOCK TABLES `statistics` WRITE;
/*!40000 ALTER TABLE `statistics` DISABLE KEYS */;
/*!40000 ALTER TABLE `statistics` ENABLE KEYS */;
UNLOCK TABLES;

--
-- Table structure for table `user`
--

--
-- Using Ion Auth 
--

-- DROP TABLE IF EXISTS `user`;
/*!40101 SET @saved_cs_client     = @@character_set_client */;
/*!40101 SET character_set_client = utf8 */;
/**
CREATE TABLE `user` (
  `id` int(10) unsigned NOT NULL auto_increment,
  `firstname` varchar(20) collate utf8_unicode_ci default NULL,
  `lastname` varchar(20) collate utf8_unicode_ci default NULL,
  `email` varchar(45) collate utf8_unicode_ci default NULL,
  `country` varchar(3) collate utf8_unicode_ci default NULL,
  `affiliation` varchar(20) collate utf8_unicode_ci default NULL,
  `password_hash` varchar(40) collate utf8_unicode_ci NOT NULL,
  `userclass_id` int(10) unsigned default NULL,
  `activation_key` varchar(40) collate utf8_unicode_ci default NULL,
  `activated` tinyint(1) default '0',
  PRIMARY KEY  (`id`)
) ENGINE=InnoDB AUTO_INCREMENT=39 DEFAULT CHARSET=utf8 COLLATE=utf8_unicode_ci;
**/
/*!40101 SET character_set_client = @saved_cs_client */;

--
-- Dumping data for table `user`
--

-- LOCK TABLES `user` WRITE;
/*!40000 ALTER TABLE `user` DISABLE KEYS */;
/**
INSERT INTO `user` VALUES (7,'Victor','Eijkhout','eijkhout@tacc.utexas.edu','US','U T ','4ce70759a50da6d3623064240cc23349a9f73be9',5,'5ea8785851a9f54be680660b2862b475f2d55bbf',1),(23,'James','Kneeland','jkneeland@gmail.com','US','TACC','50eed7045789590bf3a0b3df2a7540849be99021',5,'abfdb519f3936108bfd30185aa2cb573fa0bd754',1),(25,'Ravishekar','Kannan','rxk@cfdrc.com','US','CFD Research Corpora','a3a14134f10362b0fbd07553b086f0ca8a678b75',1,'0e221f1e3b4be1dd73868de5686b5b2a08bc3eb1',1),(26,'Laura','Timm','timm@tacc.utexas.edu','US','TACC','a6d0d704fe23d81263747a805fc1dee075b5223f',1,'27a6c77dfb712c214b40bb5fdf07cbadb1bfa9de',0),(27,'James','Kneeland','kneeland@tacc.utexas.edu','US','TACC','8fde908d69a577ccc946fab76e2e7ce58dd18e43',1,'e5447dff7259ed9cad5173bb8b9962f7514efd47',1),(28,'Sonya','Mckinney','nancygarcia@mail15.com','CA','answer','a0179c438b982a1fe597968c5b495ec4aad79d76',1,'a0032e406c2ee4019ce1b5f410c7feacc9b777fb',1),(29,'Andy','Terrel','aterrel@tacc.utexas.edu','US','TACC UT-Austin','49829131401a6f6d6e15d27e3d346b8381e38a20',1,'c3c13425c98d324af3aea3f76e3f5b67d72dac96',1),(30,'Brian','Soeder','bsoeder@mail.utexas.edu','US','','d595859bea3900e52f114649c26dec41b8671050',1,'1363ce0cb6ff9304d112aa5479a9c9ecb44f4aa9',1),(31,'Carrie','Arnold','cmarnold@tacc.utexas.edu','US','TACC','9838ae4437281b67faacd260a41300163ea0716c',5,NULL,1),(38,'','','cmarnold2@gmail.com','','','759410e8ccacdf12c59d326c00e9b34e61277f55',1,'c09fa261d90395bab58a4f88ac01210ee4695645',1);
**/
/*!40000 ALTER TABLE `user` ENABLE KEYS */;
-- UNLOCK TABLES;

--
-- Table structure for table `userclass`
--

--
-- Handled by ion auth
--

-- DROP TABLE IF EXISTS `userclass`;
/*!40101 SET @saved_cs_client     = @@character_set_client */;
/*!40101 SET character_set_client = utf8 */;
/**
CREATE TABLE `userclass` (
  `id` int(10) unsigned NOT NULL auto_increment,
  `name` varchar(45) collate utf8_unicode_ci NOT NULL,
  `description` text collate utf8_unicode_ci,
  PRIMARY KEY  (`id`)
) ENGINE=InnoDB AUTO_INCREMENT=6 DEFAULT CHARSET=utf8 COLLATE=utf8_unicode_ci;
**/
/*!40101 SET character_set_client = @saved_cs_client */;

--
-- Dumping data for table `userclass`
--

-- LOCK TABLES `userclass` WRITE;
/*!40000 ALTER TABLE `userclass` DISABLE KEYS */;
-- INSERT INTO `userclass` VALUES (1,'Standard',NULL),(2,'Power User',NULL),(3,'TACC',NULL),(4,'TeraGrid',NULL),(5,'Admin',NULL);
/*!40000 ALTER TABLE `userclass` ENABLE KEYS */;
-- UNLOCK TABLES;
/*!40103 SET TIME_ZONE=@OLD_TIME_ZONE */;

/*!40101 SET SQL_MODE=@OLD_SQL_MODE */;
/*!40014 SET FOREIGN_KEY_CHECKS=@OLD_FOREIGN_KEY_CHECKS */;
/*!40014 SET UNIQUE_CHECKS=@OLD_UNIQUE_CHECKS */;
/*!40101 SET CHARACTER_SET_CLIENT=@OLD_CHARACTER_SET_CLIENT */;
/*!40101 SET CHARACTER_SET_RESULTS=@OLD_CHARACTER_SET_RESULTS */;
/*!40101 SET COLLATION_CONNECTION=@OLD_COLLATION_CONNECTION */;
/*!40111 SET SQL_NOTES=@OLD_SQL_NOTES */;

-- Dump completed on 2012-04-10 15:06:18
